,Equivocada,Frecuencia,Sugerencia,Candidatas
0,ustedes,32,usted,usted
1,comercial,2,comerciar,"comerciar, comerical"
2,offer,1,oler,"oler, orfre, afer, fer, fuer"
3,ultumo,1,√∫ltimo,"ulmo, ulluco, tumo, √∫ltimo, totumo"
4,cremas,1,crema,crema
5,lugares,2,lugar,"lugre, lugare√±a, lugar, longares, lugarejo, lugare√±o, lugarete"
6,corre,1,corte,"torre, corbe, correr, correo, corro, correa, horre, cobre, corra, cofre, corte"
7,tranqui,1,tranquil,tranquil
8,agujas,1,aguja,"aguja, agujar, agujal"
9,retomar,1,retocar,"retocar, retamar, retobar, retozar, reto√±ar"
10,porfavor,1,portador,"portavoz, porfiador, portador"
11,seguidas,1,seguida,seguida
12,infecion,1,infecci√≥n,"inferior, infecir, infici√≥n, infecto, infecci√≥n"
13,tienen,13,tener,"tizne, tioneo, tienta, tener, tizn√≥n, tiento"
14,mantengo,1,mantener,"matungo, manteo, maniego, mantener, marengo, mantelo, mantero"
15,distintos,1,distinto,distinto
16,diab√©ticos,5,diab√©tico,diab√©tico
17,deceaba,1,decena,decena
18,superado,1,superano,superano
19,laucoma,1,sarcoma,"sarcoma, laucha, carcoma"
20,equivocaron,2,equivocar,equivocar
21,flia,1,fila,"fila, filia"
22,contactarme,1,,
23,hechos,1,hecho,"hecho, hechor"
24,iva,2,viva,"viva, ira, ava, uva, ida, diva, ova, iza, ita"
25,fuy,1,muy,"muy, ful, yuy, fu, huy, cuy"
26,midan,1,mida,mida
27,pedirme,2,pedir,pedir
28,bajarla,1,batalla,"bataola, batalla, bajar, bajura, bajuela, bajera, bajada"
29,controles,19,,
30,ice,1,vice,"vice, ce, fice"
31,xel,1,el,"sel, el, bel, del, pel"
32,gym,1,y,"aya, dom, gao, gis, my, pum, gro, ohm, goma, gema, ayo, gil, yo, gol, hum, gas, ya, ge, gea, gen, gaya, gama, aym√©, gua, ny, ay, ye, com, gamo, y, gayo"
33,pueden,20,,
34,muerso,1,muerto,"muergo, muerto, muerdo, muermo, mueso"
35,elejirme,1,,
36,pautas,1,patas,"pautar, pauta, patas"
37,sol√≠a,1,sola,"fol√≠a, solla, solfa, sola"
38,ayudan,1,ayuda,"ayudar, ayuda"
39,env√≠ala,2,enviada,enviada
40,ago,19,algo,"agro, gao, ag√°, vago, gago, avo, a√±o, argo, ajo, aro, ayo, asgo, sago, lago, aho, bago, algo, pago, ano, agio, mago, amo"
41,manejamos,1,manejado,manejado
42,bebidas,1,bebida,bebida
43,ppara,1,para,"piara, p√°para, para"
44,precion,2,precio,precio
45,fide,1,fideo,"vide, fice, fido, fida, fideo"
46,entregando,3,entregado,entregado
47,trbjo,1,trabajo,"tibio, terbio, turbio, traro, traje, arijo, tajo, treja, tebeo, rojo, troj, trozo, tojo, troje, tirajo, trapo, tr√≠o, tejo, erbio, brujo, truja, trabajo, trigo, treno, trono, tramo, treo, trago, truco, rejo, tubo, troja, trebejo, troco, rijo, trebo, orujo, travo, grojo, trazo, tabo, tropo, grajo, trato, trino"
48,responderemos,18,,
49,preocupa,2,preocupar,preocupar
50,espero,6,espera,"estero, espejo, √°spero, espeso, empero, espeto, espera, esmero, esporo, espedo"
51,depende,1,depender,"desende, depender"
52,cancelelo,1,carcelero,"cancellero, canceller, candelero, canelero, concello, carcelero"
53,podologia,1,pomolog√≠a,"posolog√≠a, pomolog√≠a"
54,precios,1,precio,"precioso, precio, preciosa, preciso"
55,mareos,1,mareo,"mareo, mareoso, mareosa"
56,internet,1,interna,"interna, interno, internar"
57,https,39,,
58,echos,1,hecho,"hechor, estos, techo, caos, eros, esos, chus, chis, echona, pchs, lecho, pecho, hecho, echar, ellos, choz, cho, lechosa, icho, mechosa, lechoso, ocho, fecho, ecuo, fechor, mechoso, eco"
59,nuevos,2,nuevo,nuevo
60,gracoas,1,gracia,"granosa, tracias, grasosa, gradosa, gracia, graciosa, gravosa, gramosa"
61,mandataria,2,mandatario,mandatario
62,transmitian,1,transmisi√≥n,"transmisi√≥n, transmitir"
63,visite,2,visita,"visita, visiteo"
64,ejena,1,ajena,"ajena, egena"
65,hermanos,1,hermano,hermano
66,diagnosticaron,2,diagnosticar,diagnosticar
67,preocupaciones,1,,
68,recordarme,1,recordar,"recordar, recordable, recordante"
69,n,17,no,"an, no, ne, na, ny, a, e, en, in, un, u, ni, y, o"
70,graccias,1,gracia,"tracias, gracia"
71,onformacion,1,informaci√≥n,"conformaci√≥n, informaci√≥n"
72,perdiendo,2,perdido,"perdido, pereciendo"
73,hize,1,he,"cipe, vide, pije, hijo, diez, hija, hin, vice, hoce, iza, hilo, hiper, hiel, diz, √±ire, liza, higa, hove, tibe, hila, biza, lite, himen, hupe, he, chile, mizo, hito, sine, tizne, hipo, fice, rizo, chiza, hi, haz, chite, haza, hae, dije, hita, tizo, hez, home, riza, tiza, lizo, miz, pie, √±ipe, hoz, aire, higo, hule, cine, miza"
74,operado,1,operador,"aperado, operador"
75,pami,9,ami,"ami, pali"
76,sacaron,1,sacar,"sacarino, nacar√≥n, sacar, sacador, sacarosa, sacay√°n, sacro, sacarina"
77,nolose,1,coloso,"moloso, doloso, dolosa, golosa, molosa, colote, goloso, noblote, coloso, novoso, glose"
78,enter√©,1,entero,"entera, entero"
79,familiares,2,familiar,familiar
80,mombre,1,hombre,"mimbre, hombre, nombre"
81,sintiendo,1,,
82,puse,2,pues,"pase, pus, pues"
83,entiendo,1,entierro,"entrenudo, entenado, encienso, enmienda, entierro"
84,dejenme,1,detente,"demente, decente, detente, desende"
85,ospital,2,hospital,hospital
86,comunicarte,58,comunicante,comunicante
87,nesito,1,esto,"pasito, neto, perito, nito, cerito, cesio, resto, jeito, mesto, nerita, esto, negrito, necio, sito, besico, espito, nolito, gesto, desi√±o, melito, p√≥sito, nescio, cesto, lesivo, delito, nieto, ne√≥fito, desto, √≠nsito, benito, lesoto"
88,wa,3,a,"ya, la, √±a, na, a, ha, ea, ca, za, ta, wat, ka, fa"
89,quer√≠a,9,quera,"quera, querva"
90,att,1,ata,ata
91,tengas,1,tenia,"tentar, tenis, termas, tonga, tena, tenia, vengar, tengue, renga, tanga, tensa, tenua, sendas, tenaz, sergas, leneas, tensar, rengar, tenca, menga, tendal"
92,medicamanto,1,medicamento,medicamento
93,saliendo,2,salido,"aliento, saliente, sabiondo, alienado, salinero, salido, galindo, salcedo, aliende, salino"
94,tomarlo,1,tomar,"t√≠malo, tomado, tomillo, tamarao, tomar, tonario, somarro"
95,compartido,1,compartidor,compartidor
96,atras,2,atr√°s,"atr√°s, arras, tras, atlas, atraso"
97,siendo,2,miedo,"liento, siervo, indo, pinedo, sendos, vendo, siena, hienda, lindo, sien, zendo, sierro, bienio, simado, tiento, asiento, ciento, bieldo, sino, senda, duendo, senado, lienzo, seudo, sueno, signo, rienda, miedo, cieno, sirenio, pienso, sueldo, seno, viento, sieso"
98,vienen,1,viento,"viernes, vienense, virgen, veneno, vien√©s, viejez, vienesa, viento"
99,√©ste,1,este,"este, √©ster, oste, uste"
100,hac√©rmelo,2,,
101,diabet√≥logo,1,dialect√≥logo,dialect√≥logo
102,grasiss,2,gratis,"grasosa, gratis, frasis, grasoso"
103,pedidos,2,pedido,"pedido, pedidor"
104,commerce,2,,
105,buenisimo,7,,
106,comparten,1,comparte,comparte
107,farmacias,1,farmacia,farmacia
108,juves,1,jueves,jueves
109,cm,3,com,"cu, ce, co, com, ca"
110,tomaba,1,tomada,"tomaza, tomada"
111,migo,2,amigo,"mio, mico, mino, mego, mingo, figo, mito, mago, mogo, higo, amigo, meigo, mimo, mijo, milo, mizo, miga"
112,costos,1,costo,"cosmos, costosa, costo, costoso"
113,dayer,3,ayer,ayer
114,cuid√≥,2,cuida,"cuido, cuida"
115,ayud√≥,1,ayuda,ayuda
116,ficica,1,oficina,"ficta, dioica, cica, fiucia, bicoca, fucia, risica, ficticia, oficina, f√∫lica, cicca, cacica, ficha, f√°lica, f√≥nica, facina, finita, cibica, vicia, facia, finca, licia, filia, f√≠sica"
117,tom√≥,4,toma,"toma, tom√©, tomo, tome, tom√≥n"
118,kieren,1,cierne,cierne
119,seres,1,ceres,ceres
120,aparatito,1,aparato,"aparatero, apurativo, aparatoso, apartijo, aparato"
121,salidas,1,salida,salida
122,informando,2,informante,"informante, informador, normando"
123,hace,83,hacer,"hache, hacer, hoce, haca, hae"
124,ni√±os,1,ni√±o,"ni√±o, nipos"
125,noticias,1,noticia,"noticiar, noticia"
126,metformina,7,,
127,mayoria,1,mayor√≠a,"mayor√≠a, mayora"
128,info,11,ninfo,"indo, ninfo"
129,controlarme,4,,
130,egersicio,1,ejercicio,ejercicio
131,er,3,el,"ver, ero, es, ere, re, ir, erg, el, eh, era, et, e, en, ea, fer, per, ser, her"
132,quicardia,1,taquicardia,taquicardia
133,cesac,1,cesar,cesar
134,seg√∫n,1,seg√ºn,seg√ºn
135,disc√∫lpame,1,,
136,celu,2,celo,"celo, cele, cela"
137,rivadavia,2,,
138,ed,1,de,"red, es, el, eh, et, e, en, ea, ad, sed, de"
139,comtrolados,1,,
140,agremen,1,agrem√°n,agrem√°n
141,oki,2,ori,ori
142,charlas,2,charla,"charla, charlar, charcas"
143,solos,1,solo,solo
144,realizando,1,,
145,xk,3,xi,xi
146,sab√≠an,1,sabia,"sat√≠n, sabina, sah√≠na, sapan, sa√≠n, sabea, sabia, saj√≠a, sal√≠n, sabl√≥n, sabana"
147,w,15,a,"a, e, u, y, o"
148,raimundo_,1,,
149,entregan,12,entrega,"entregar, entrega"
150,catidad,1,cantidad,"calidad, cantidad, caridad, cavidad, castidad"
151,indicado,1,indicador,"indijado, indiciado, sindicado, indicador"
152,al√©rgica,1,alergia,"en√©rgica, am√©rica, alergia"
153,exelente,1,excelente,"excelente, expelente"
154,hijos,2,hijo,hijo
155,tramites,2,tr√°mite,"tramitar, traite, tr√°mite"
156,postres,1,postre,"postrer, postre"
157,queridas,1,querida,querida
158,cic,1,tic,"tic, cinc, cica, cid, cis, cric, sic"
159,dar√°,2,dar,"dac√°, dar"
160,recetas,6,receta,"recetar, receta"
161,ves,16,es,"res, ver, ve, es, bes, vez, des, vos, mes, ses, les, vis"
162,sirven,4,virgen,"sirle, sirena, sien, virgen, sirte"
163,ymmymta,1,,
164,mesirme,1,desarme,"musirse, desarme"
165,nefrolog√≠a,1,neurolog√≠a,"necrolog√≠a, neurolog√≠a"
166,anteriores,1,anterior,anterior
167,doc,3,dos,"doca, don, oc, dom, doy, doce, duc, dos, do"
168,hasen,1,hacer,"hamez, diasen, hayena, nas√≥n, har√©n, har√≥n, harem, hab√≥n, paseo, base, cas√≥n, himen, gas√≥n, hal√≥n, hac√°n, hasan√≠, mas√≥n, rasel, hasta, aseo, las√∫n, pase, hae, baden, hacer, sen, haber, fase, as√≠n, hayeno"
169,mecontrolo,1,,
170,bendecida,1,bendecir,"bendecidor, bendecir, bendecidora"
171,estudios,7,estudio,"estudio, estudiosa, estudioso"
172,cintas,6,cinta,"cintar, cinta"
173,vere,1,ver,"vera, ver, verde, ere, veer, vero, mere, verme"
174,salita,35,salida,"s√≥lita, saliva, salina, salia, saleta, salida, sagita, balita"
175,dan,35,tan,"pan, kan, an, don, din, man, tan, can, san, dar"
176,sab√≠as,1,sabia,"tob√≠as, sabea, sabia, saj√≠a, garb√≠as"
177,saluda,2,salida,"salada, salida, salud, sa√±uda, saludo, aluda, saludar"
178,biene,1,bien,bien
179,pendientes,1,pendiente,pendiente
180,preguto,1,pregunta,"regusto, pregunta, presunto, regato, precito, pregunteo, presto"
181,prote√≠nas,1,prote√≠na,prote√≠na
182,problemas,10,problema,problema
183,estar√©,6,estar,estar
184,manu,1,mano,"mana, man√°, man, man√≠, mano"
185,usoa,1,uso,"us√≠a, uso"
186,sabado,1,sabido,"sabido, salado, s√°bado, sajado, sobado, habado"
187,atendieron,2,,
188,√©sto,1,esto,"asto, esto"
189,hs,36,es,"h√≠, es, as, hi, ha, os, he, hu"
190,complic√≥,1,c√≥mplice,"complida, complido, complicar, c√≥mplice"
191,d√©jame,1,p√©same,"p√©same, dolame, pujame, p√©name, dagame"
192,incluyes,1,,
193,prepara,1,preparar,preparar
194,oky,19,y,"ojo, ori, lay, opa, ole, oso, oxe, my, hoy, ka, oro, cok, ox, dey, oc, ohm, oda, oh, muy, yo, oto, ol√©, coy, yuy, ora, o, ovo, doy, cay, bey, osa, oca, os, o√≠r, ley, boy, ny, ola, ay, o√≠l, ova, huy, rey, y, cuy"
195,nomela,1,novela,novela
196,cur√≥,1,cura,"cur√∫, cura, cur√≠"
197,dio,4,dios,"mio, dij, dis, din, dino, dito, di, divo, odio, d√∫o, diz, deo, dix, do, dios"
198,computadora,1,compradora,"compradora, competidora, compiladora, confutadora, conmutadora, imputadora, comentadora"
199,diaa,2,diana,"diana, dial, diva, dita, dina"
200,aserme,3,verme,"aserto, ademe, adarme, alerce, inerme, serie, verme"
201,wstot,1,esto,"estos, estol, asto, esto"
202,tenerme,7,tener,"terere, enerve, tener, inerme, tener√≠a, tenesmo, enorme"
203,husar,1,usar,"h√∫sar, tusar, humar, husmar, usar, musar, ahusar"
204,sip,1,si,"sil, si, sic, sin"
205,piernas,4,pierna,pierna
206,interesa,31,interese,"interese, interesar, interesal"
207,veses,2,ese,"jes√∫s, veste, veer, voseo, ceres, velis, esos, veras, mese, ses, vejez, vesta, ese, seseo, esas, eser, venus, tesis, deseo, dese, cese, des√∫s"
208,recibirlos,1656,,
209,ayuden,1,ayuda,"agudez, aludel, ayudar, ayuda, acumen"
210,nomestandado,1,,
211,gr√°cias,5,gracia,"grecia, gr√°cil, gracia, tracias"
212,leones,1,leonesa,"leonesa, leon√©s"
213,amorcito,1,amorcillo,"mocito, amorcillo, morito"
214,grandes,1,grande,"grandez, grande, grander"
215,aque,1,que,"jaque, √±aque, baque, maque, oque, aquel, taque, saque, aqueo, naque, raque, aqu√≠, laque, aquea, zaque, que"
216,quise,4,quite,"quite, quisa, quiste"
217,bagues,3,bagre,"baque, maguer, bagual, maguey, bagre, baguio"
218,okk,1,o,"ojo, ori, opa, ole, oso, oxe, ka, oro, cok, ox, oc, ohm, oda, oh, ol√©, ovo, o, ora, osa, oca, os, o√≠r, ola, o√≠l, ova, oto, yak"
219,p√∫blicos,1,p√∫blico,p√∫blico
220,prodadia,1,probada,"prosodia, rodadiza, probada, prosapia, rodada, prosada"
221,recomendaciones,1,,
222,encanta,3,encanto,"encante, encanto, encinta, encantar"
223,lluvias,2,lluvia,"lluvial, lluvia"
224,yevo,1,yeso,"yervo, yeco, yero, yebo, evo, yeso"
225,usaba,1,usada,usada
226,cataratas,3,catarata,catarata
227,caminos,1,camino,camino
228,confundieron,1,,
229,ùòöùò™,1,de,"as, ir, lo, su, oc, eh, yo, za, ni, o, xi, et, u, uf, do, jo, en, me, so, t√©, s√≠, ji, le, an, ox, re, te, mu, si, a, oh, √°l, di, ta, de, es, tu, ea, ro, ah, ab, no, aj, √±a, ha, ye, y, fu, el, t√∫, ut, ne, bu, be, he, to, fi, ge, la, hi, e, pi, co, ad, bi, pe, h√≠, se, fo, ca, pu, fe, hu, √©l, my, ka, fa, in, d√≠, m√≠, ya, ti, na, un, os, ve, √±u, ax, cu, ny, ay, √±o, ce, al, mi"
230,buenas,162,buena,buena
231,modulo,1,modelo,"modelo, m√≥dulo"
232,sangra,1,sangre,"sangrar, sangr√≠a, angra, sangre"
233,atencion,2,atenci√≥n,atenci√≥n
234,gusta,8,gusto,"gustar, gusto, guata, fusta, guita, justa, gesta"
235,pedoyo,1,pedido,"pedorro, repoyo, peloto, pedido, pedazo, perojo, peloso, pedro, rehoyo, poyo, sedoso, pecoso, verdoyo, pedo, penoso, pedroso"
236,pucieron,1,puchero,puchero
237,balanciada,1,palancada,"palanciana, palancada"
238,sintomas,1,s√≠ntoma,s√≠ntoma
239,necesita,2,necesitar,necesitar
240,aunq,1,aun,aun
241,yhy,1,yuy,yuy
242,much√≠simo,1,,
243,sanan,1,sana,"sanar, sapan, sana"
244,gestor√≠a,1,gestora,gestora
245,cubran,1,cabr√≥n,"cubana, cura, cubano, cabr√≥n, curar, cuan, cuerna, cubera, rubra, cuba, cebra, cubrir, cobrar, cran, cutral, cobra, curra, cabra, cuera"
246,atiende,9,aliende,aliende
247,atend√≠a,1,agenda,"agenda, atendar, atenta, anted√≠a, aton√≠a, atenea, atender, aced√≠a"
248,h√°bitos,3,h√°bito,h√°bito
249,escribieron,1,,
250,reviso,2,revisor,"remiso, revisor, revisto, repiso"
251,tareas,1,tarea,tarea
252,consultarte,1,consultante,consultante
253,articulos,2,art√≠culo,"articular, art√≠culo"
254,xsiempre,1,siempre,siempre
255,confundii,1,confundir,confundir
256,unirte,1,norte,"inerte, unir, tirte, norte, unible, sirte"
257,ginicologa,3,ginec√≥loga,"ginecolog√≠a, ginec√≥loga"
258,vamos,2,amos,amos
259,eztoi,1,esto,"aztor, estol, estos, esto"
260,env√≠os,2,env√≠o,env√≠o
261,llego,2,luego,"lego, √©lego, luego, llega, liego, lleno, lleco"
262,colimna,1,colina,"columna, colina"
263,vaja,1,vaya,"vara, vaya, naja, faja, vaca, vasa, aja, maja, raja, vaga, baja, vana, saja, laja, caja, paja, taja"
264,reyes,1,rey,"res, recel, ceres, reis, creces, creyer, rever, rev√©s, rete, buyes, revesa, repeso, rene, redel, reps, reteso, receso, retel, remesa, preces, refez, rey, relej"
265,lejanos,1,lejano,lejano
266,nda,1,nada,"inda, oda, n√≠a, na, ida, nada, nea, nuda, anda, onda"
267,medicamentos,22,medicamento,"medicamentosa, medicamentoso, medicamento"
268,visitas,4,visita,"visitar, visita"
269,quede,1,queda,"quedo, queda"
270,√∫ltimos,3,√∫ltimo,√∫ltimo
271,pekemarket,1,,
272,utiliz√≥,1,utilizar,utilizar
273,recetar√°,1,recetar,recetar
274,empez√≥,1,empezar,"empe√±o, empega, empero, empiezo, empezar, empego"
275,atendido,4,tendido,tendido
276,operaron,2,operar,"operario, operar, operaria, operador"
277,tratando,3,tratado,tratado
278,ocupe,5,ocuje,ocuje
279,mp,1,me,"mu, me, m√≠, mi, my"
280,llevo,10,lleva,"lleva, lleno, alevo, lleco"
281,f,2,a,"fi, a, fo, fe, e, fa, u, uf, y, fu, o"
282,vaje,1,vale,"aje, vafe, vale, viaje, vate, gaje, paje, vade"
283,asistiendo,1,,
284,har√©,3,har√©n,har√©n
285,prosaria,1,prosapia,prosapia
286,aran,1,gran,"ar√°n, cran, arna, arana, arar, gran, aron, ara"
287,estarias,1,estasis,"asturias, estasis, estarna, escariar, estriar"
288,creas,1,crear,"cresa, cras, crear, crea"
289,stan,1,tan,"sian, san, tan"
290,bajas,1,baja,"banas, bajos, baja, bajar"
291,aller,1,taller,"alier, taller"
292,recetarios,1,recetario,recetario
293,resibirlos,5,,
294,sugerencias,1,sugerencia,sugerencia
295,tdos,1,dos,"idos, dos, tos"
296,bieja,1,vieja,"biela, bija, vieja"
297,avizo,1,aviso,"avizor, aviso"
298,indicaron,3,indicar,"indicar, indicador"
299,muchos,3,mucho,mucho
300,trat√≥,1,trata,"trato, trata"
301,recib√≠,1,recibo,recibo
302,valdagliptina,1,,
303,cdo,1,do,"cao, cho, ceo, cedo, clo, cado, co, codo, do"
304,okey,61,rey,"ley, dey, copey, oler, bey, grey, ole, oreo, orea, oxe, buey, omeya, abey, rey, ojeo, frey"
305,contarme,1,contar,"contario, conforme, contable, contar, contante"
306,acordarse,1,acordar,"acordar, acorcharse, acocharse, acordante, aforzarse, aporrarse, acarrarse, acocarse, acoclarse, azorrarse, corcarse"
307,atenderte,1,atender,"tendente, tenderete, atender"
308,calzados,1,calzado,"calzado, calzador"
309,vuelva,3,vuelta,"vulva, vuelta"
310,√©stos,2,estos,estos
311,detectaron,1,,
312,todavia,6,todav√≠a,todav√≠a
313,debes,1,debe,"deber, debe"
314,km,1,ka,ka
315,o√≠,2,s√≠,"h√≠, ox, oc, oh, o√≠l, m√≠, d√≠, os, o√≠r, s√≠, o"
316,ricas,1,rica,rica
317,jola,1,hola,"tola, pola, joya, mola, hola, jora, ola, bola, yola, gola, sola, cola, jota, josa"
318,cuartetos,1,cuarteto,cuarteto
319,aprendidos,1,prendido,"aprendedor, prendido"
320,llamen,1,flamen,flamen
321,comidas,8,comida,comida
322,explico,1,explicar,"e√≥lico, expillo, explicar, ox√°lico, exilio, ex√≥tico, ex√°rico, et√≠lico"
323,sea,8,se,"jea, rea, ser, fea, se√≥, esa, sel, se√±a, pea, tea, ses, seda, dea, gea, sera, seca, seo, ea, nea, √≥sea, cea, sega, seta, se, sena, sen, mea, sed"
324,tienrn,1,tierra,"tierna, tierno, tienta, tierra, tizn√≥n, tiento"
325,duelen,2,duelo,"duelo, dele, duela"
326,registrada,1,registrar,"registradora, registrador, registrar"
327,llubias,1,lluvia,"llubina, lluvial, alubia, lluvia, alubiar"
328,equivocado,7,equivocar,"equivocar, equipolado"
329,visitarla,1,visitar,"visitar, visitera"
330,acept√≥,1,acepto,"acepto, acepta"
331,recien,2,reci√©n,reci√©n
332,pruebo,1,prueba,prueba
333,hay,33,ha,"hao, cay, lay, haz, ay, ha, haya, hayo, hoy, hae, huy"
334,dejame,2,dejar,"teame, dejar, dejadez, reame, derrame, delate, le√±ame, debate, dolame, pujame, vejamen, dejada, letame, dejado, desarme, deja, dagame, desate"
335,ofreserme,1,,
336,wscribir,1,escribir,escribir
337,gyn√±m,1,,
338,go,1,no,"gro, no, gao, jo, ge, fo, √±o, co, yo, so, ro, lo, to, gol, do, o"
339,asucar,1,asacar,"asulcar, asacar, asurcar, asumar, asurar"
340,reactivas,6,reactiva,reactiva
341,discapacidad,1,incapacidad,incapacidad
342,dartasu,1,,
343,lupa,1,luna,"lula, pupa, luda, luma, lapa, upa, luna, lupia, dupa, luva, lusa, tupa"
344,diavetologo,1,,
345,sucede,1,suceder,suceder
346,manjon,1,mano,"mang√≥n, mangona, mano, manj√∫a, mandona, mango, mantona, zanj√≥n, canon, majo, mant√≥n, manjar, mand√≥n, manso, manto, manojo, mando, manco, manejo"
347,amables,4,amable,amable
348,contol,1,contal,contal
349,pide,2,pie,"pije, vide, pie"
350,chocolates,1,chocolate,chocolate
351,darte,1,parte,"farte, dante, arte, marte, parte"
352,xfa,1,fa,fa
353,link,6,lino,lino
354,hare,4,harem,"hae, harem, harre, yare"
355,bajaban,1,bajada,"bajamano, bajamar, banaba, bajada"
356,buen√≠simo,9,bon√≠simo,bon√≠simo
357,empec√©,2,empiece,"empecer, empe√±o, empega, empero, empiece, empego"
358,estoymedicada,1,,
359,anos,1,nos,"ano, amos, nos, an√≠s, anoa"
360,mamente,1,amente,"amente, mamante"
361,especializado,2,especialidad,"especialidad, especializar"
362,realiz,1,regaliz,regaliz
363,huarpes,2,,
364,tenco,1,tenso,"tunco, tenso, cenco, penco, tenuo, tenca, terco, tinco, renco"
365,ver√°s,1,veras,veras
366,oka,11,ola,"oda, opa, ola, osa, ova, oca, ka, ora"
367,cartelito,1,carmelita,"carmelita, canterito, cartelero"
368,tendr√°s,1,,
369,todas,23,toda,"rodas, toda"
370,maz,1,mal,"faz, maza, mal, man, haz, caz, mas, miz, paz, muz, mar, mazo, taz, ma√≠z, saz"
371,hacerlo,1,hacer,"facero, hatero, macelo, acero, hacerir, macero, hacer, lacero, hachero, lacerto, lacerio, acerolo, haber√≠o, hacera, acerbo, acervo"
372,vici,1,vicio,"vicio, vicia, vice, vico"
373,d√©jense,1,,
374,belgrano,3,bejarano,"bejarano, bejerano"
375,unidades,2,unidad,unidad
376,reclam√©,1,reclamo,"reclame, reclamo"
377,pueda,7,queda,"rueda, queda"
378,recomendando,1,recomendado,recomendado
379,contesten,1,conteste,conteste
380,azucar,11,az√∫car,"azuzar, az√∫car, azocar, bazucar, azular, azucar√≠, azumar"
381,unico,1,√∫nico,"√∫nico, unido"
382,hol,1,hoy,"mol, sol, hola, col, yol, hoz, bol, rol, hoy, gol"
383,empeze,1,empezar,"empate, empeine, ampere, empecer, empe√±o, empezar, empega, empero, empiezo, empiece, empuje, empego"
384,dulces,6,dulce,dulce
385,ntista,1,lista,"arista, mista, antosta, tiesta, nieta, crista, tita, dantista, rentista, tinta, tiste, vista, anatista, potista, cantista, dentista, testa, lista, artista, pista, batista, quista"
386,qued√©,1,queda,"quedo, queda"
387,est√°n,16,esto,"mit√°n, estos, estar, tit√°n, est√≠o, fest√≥n, esto, fest√≠n, desm√°n, ester, pat√°n, at√°n, desv√°n, dest√≠n, isl√°n, cest√≥n, esta, estas, estol, estro, esp√≠n, but√°n, bat√°n, estay, aut√°n, este, estil, fust√°n, cat√°n, test√≥n, sat√°n"
388,intera,1,entera,"antera, interna, entera, cintera"
389,contestan,1,contestar,"contestano, contestar, contestana"
390,seri,1,ser,"peri, sri, suri, sera, serio, seria, ser, serie, semi"
391,sabemos,1,sabedor,"sabedor, sabeo, sabejo"
392,qu√©,10,que,"que, mu√©, qui, bu√©"
393,simi,1,simio,"simio, simia, sima, semi"
394,aserlos,1,aserto,"aserto, asertor"
395,est,2,es,"lest, esa, es, esta, ese, et, eso, este, esto"
396,lotrial,1,notarial,"lutria, norial, motril, cotral, notarial, potril"
397,call,1,calle,"calla, callo, cal√©, cal√≥, cali, calle, cala, calo, cal, cale"
398,opciones,2,,
399,medica,3,media,"medicar, media, m√≥dica, m√©dica, medida"
400,molestias,1,molestia,molestia
401,corriga,1,corrida,corrida
402,remidios,1,remedio,"semidiosa, remedio, semidi√≥s"
403,env√≠a,1,env√≠o,"env√≠o, enc√≠a"
404,medirne,1,mediante,"mediano, medir, mediante, mediana"
405,irma√±ana,1,ma√±ana,ma√±ana
406,integrantes,2,integrante,integrante
407,√°,1,a,"a, e, √°l, u, y, o"
408,habitos,1,h√°bito,"habiloso, habitud, dabitis, h√°bito, habilosa, habitar"
409,fabrica,1,f√°brica,"fabrida, fabricar, f√°brica"
410,gimnacio,1,gimnasio,gimnasio
411,saire,1,aire,"sabre, sacre, caire, taire, aire, naire"
412,estre,1,este,"destre, entre, ester, estro, este"
413,nose,4,nos,"nos, tose, nome"
414,dra,4,era,"ira, dr√≠a, dura, era, ura, ora, adra, d√≠a, dar, dea, ara, d√∫a"
415,medi,4,medio,"media, medio, meda, medir, medo"
416,sabr√≠a,1,cabr√≠a,cabr√≠a
417,cu√°ndo,3,cuando,cuando
418,udes,1,des,des
419,losartan,1,,
420,ex,1,el,"ox, es, ax, el, eh, et, e, en, ea"
421,profesionales,1,profesional,profesional
422,s√©,26,se,"su, se, si, so, t√©, s√≠"
423,manten√≠a,1,mantener,"santer√≠a, canter√≠a, mantener, mantona, mantesa, antena, mantera, manceb√≠a, anted√≠a, manteca, monter√≠a"
424,kmo,1,amo,amo
425,manejan,1,manejar,manejar
426,medicacion,4,medicaci√≥n,medicaci√≥n
427,recibir√©,1,recibir,recibir
428,mentable,1,entable,entable
429,resibo,1,recibo,recibo
430,med√≠,1,medo,"meda, medo"
431,endroquinologo,1,,
432,entregas,1,entrega,"entregar, entrega"
433,siguiendo,1,siguiente,siguiente
434,significa,3,significar,significar
435,quisiera,17,quimera,"quesera, quimera, quijera"
436,agradezco,4,,
437,expmicar,1,explicar,explicar
438,aumentan,1,aumentar,aumentar
439,multas,1,multa,"multar, multa"
440,cuales,6,cual,"culas, chalet, culle, gules, cal√©s, cual, calesa, caler, cuate, cale"
441,semanas,4,semana,"semanal, semana"
442,verguenza,1,verg√ºenza,verg√ºenza
443,dando,3,dado,"dardo, dado, dango, dundo, mando, bando, pando, danto"
444,srta,1,sarta,"seta, surta, sita, sarta, sota, arta, serta"
445,abisen,1,bien,"abes√≥n, bisel, abip√≥n, abus√≥n, abiso, abismo, abigeo, avis√≥n, abisal, bien, abit√≥n"
446,guide,1,guido,"guido, guite"
447,diabetologico,1,,
448,estudiadas,1,estudiador,estudiador
449,momentos,5,momento,momento
450,andaba,1,andada,"andana, andada"
451,estuve,7,este,"estivo, estiva, estuco, estipe, estuque, estuche, estufa, este, estrave, esteva"
452,cn,1,en,"an, cu, can, ce, en, co, ca, in, un, con"
453,sitagliptina,4,,
454,llegando,3,llegado,llegado
455,di√≥,2,di,"dij, dis, din, di, diz, dix"
456,merezco,1,cerezo,"meteco, cerezo"
457,cari√±os,1,cari√±o,"cari√±oso, cari√±o, cari√±osa"
458,medios,2,medio,medio
459,hiciron,1,,
460,d√≠game,1,dagame,dagame
461,desanimada,1,desarmada,"desanimar, desali√±ada, desairada, desalmada, desavisada, desatinada, desahumada, desamigada, desarmada"
462,glaucoma,4,glucosa,"glauco, glucosa, glauca"
463,noce,1,noche,"roce, coce, nome, noca, hoce, doce, goce, once, noche"
464,intiendo,2,intento,"incienso, intento, intenso"
465,pid,1,pie,"cid, pie, lid, pi, vid"
466,dieran,1,pierna,"duerna, dineral, tierna, cierna, pierna, diurna, fiera, dietar, miera, hiera, dieta, ditera"
467,entreguen,1,,
468,hra,1,ha,"ira, hura, era, ura, ha, hora, ara, ora"
469,boero,1,borro,"boyero, botero, boro, borro, bolero"
470,bendiciones,37,,
471,lose,1,los,"losa, los, tose, lote, glose"
472,publicas,1,publicar,publicar
473,siente,1,miente,"riente, diente, ciente, silente, miente"
474,sintas,1,cinta,"pinzas, sonta, sintaxis, vinta, sita, cintar, pintar, tinta, singa, sentar, sendas, singar, santa, cinta, pinta, finta, tintar"
475,glucosas,1,glucosa,glucosa
476,tedan,1,teda,teda
477,molesten,1,molesta,"molestia, molesto, molestar, molesta"
478,refieren,1,refierta,refierta
479,aso,1,eso,"caso, as, oso, asno, eso, asto, baso, avo, asco, a√±o, ajo, aro, ayo, laso, as√°, asgo, vaso, aho, aseo, ano, paso, faso, as√≠, amo, sao, so, uso, raso, naso, asa"
480,diabete,1,diabetes,"diabetes, diabeto"
481,averiguarme,1,averiguar,"averiguar, averiguable"
482,estan,6,esta,"esta, estar, estay, estas"
483,preocuparte,2,preocupar,preocupar
484,sab,2,sal,"sal, sao, sub, san, saz, ab"
485,pir,1,por,"piar, ir, pie, pi, por, per, par, pira"
486,realiz√≥,1,realizar,"realito, regaliz, realeza, regaliza, realizar"
487,diabtew,1,diabetes,"dialtea, diabetes, diabeto"
488,brindarte,1,brindar,brindar
489,nutricionista,10,,
490,infoo,1,indio,"infido, innoto, indio, indo, ninfo, infuso, infolio, inmoto"
491,consejonsaludable,1,,
492,ai,1,a,"ji, as, ami, an, si, a, di, ni, fi, ti, hi, xi, pi, ad, bi, ali, ah, ab, aj, ax, ay, al, cai, mi"
493,indica,1,india,"india, √≠ndica, indicar, indina"
494,haga,1,haya,"maga, saga, higa, jaga, paga, baga, hala, hada, haba, gaga, zaga, vaga, haya, daga, haca, haza"
495,equivocaste,1,,
496,tambien,3,tambi√©n,tambi√©n
497,aldo,1,algo,"aedo, saldo, alado, lado, albo, aludo, almo, caldo, jaldo, alto, algo, alno, baldo"
498,pascuas,1,pascua,"pascua, pascual"
499,personalizada,1,personalidad,"personalizar, personalidad"
500,bebe,1,debe,"beber, jebe, sebe, debe"
501,ultima,2,√∫ltima,"√∫ltima, ultimar"
502,varias,2,variar,"vargas, varia, variar, parias"
503,nececito,2,nietecito,"vejecito, nietecito"
504,encuentra,1,encuentro,encuentro
505,haremos,14,harem,"baremo, armos, harem"
506,entr√≥,1,entre,"entre, entro"
507,felicidsdes,1,,
508,madicamentos,1,medicamento,"medicamentosa, medicamentoso, medicamento"
509,envien,1,envi√≥n,envi√≥n
510,dias,36,dios,"d√∫as, dis, dial, dios"
511,localizamos,1,,
512,sii,21,si,"sri, sil, sin, si, sic"
513,ped√≠,3,pedo,pedo
514,recibido,1,recibidor,recibidor
515,alimentaria,1,alimentario,alimentario
516,amigos,3,amigo,"amidos, amigo"
517,feos,1,feo,feo
518,meformina,2,,
519,necesarias,1,necesaria,necesaria
520,g≈ïacias,1,gracia,"tracias, glacis, glaciar, guacia, gracia, glacial"
521,aserlo,2,aserto,aserto
522,hileret,1,hilera,"hilete, hilero, hilera"
523,ba√±as,1,ba√±ar,"banas, ba√±a, ba√±ar, a√±as"
524,lps,1,los,"lis, las, les, los"
525,consigue,3,consigo,"consigna, consigo, contiguo, contigua"
526,ap,1,a,"ab, an, as, aj, ax, a, ay, al, ad, cap, ah"
527,felis,2,feliz,"melis, filis, feliz, velis, fel√∫s"
528,realizado,3,realidad,"realizar, realidad"
529,nuca,2,nunca,"nunca, ruca, cuca, auca, nuco, noca, nuda, nula, yuca, tuca"
530,diculpe,1,disculpa,disculpa
531,covid,1,comida,"cosido, cori, coria, cocido, coido, comido, coxis, cid, cosida, cofia, cavia, david, novia, cogido, ovia, tovida, cogida, cobil, novio, tovido, movida, vid, ovil, cocida, copia, civil, movido, comida, ovio"
532,informes,1,informe,informe
533,facebook,28,,
534,mandarlos,1,,
535,disen,1,diasen,"diasen, dis√≥n"
536,medico,22,medio,"m√≥dico, m√©dico, medio"
537,endocrinologo,1,endocrinolog√≠a,endocrinolog√≠a
538,lentes,3,lente,lente
539,grscias,3,gracia,"grecia, gracia, tracias"
540,d√©janos,2,t√©tanos,t√©tanos
541,control,48,contra,"contal, contra, contray, contr√≠n, centro, cotral, contero, cintrel, central"
542,tendre,1,tender,tender
543,sagre,1,sangre,"sabre, usagre, sacre, bagre, sangre, agre"
544,otorrino,1,gorrino,"gorrino, terrino, porrino"
545,ise,17,se,"ese, se"
546,h√†ce,1,hoce,hoce
547,anhelas,1,anhelar,anhelar
548,podrian,1,podrido,"porrina, podrido, odrina, podrir, podrida, padrina"
549,verduras,3,verdura,verdura
550,aser,11,ser,"aster, asar, asir, asear, afer, eser, aseo, ser, ayer"
551,env√≠en,1,env√≠o,"env√≠o, envi√≥n"
552,consultas,3,consulta,"consultar, consulta"
553,baje,6,bajo,"baj√°, aje, buje, base, bajez, bajo, bajel, baja, paje, gaje, boje"
554,invitarte,1,invitante,invitante
555,ladoctora,1,doctora,doctora
556,pemse,1,ese,"pensel, persa, pene, pamue, peaje, eme, pesce, pebre, jeme, peste, mese, peine, peche, ese, neme, pelde, pesa, pase, peso, leme, dese, seise, perseo, cese, peje, pepe, pece"
557,ripoll,1,repollo,repollo
558,mismos,1,mismo,mismo
559,compre,1,compra,compra
560,grac,2,gran,"grao, gran, frac"
561,nadamas,1,madama,"adamar, bahamas, madama"
562,diavetologa,1,,
563,dale,6,vale,"dalle, dala, vale, cale, dele, dable"
564,jodan,1,toda,"jedar, codal, modal, jota, oda, rodar, boda, coda, rodano, judas, nodal, jord√°n, poda, rodana, joya, goda, jora, moda, toda, jeda, bod√≥n, rodal, jovar, joven, rodas, cod√≥n, pod√≥n, soda, juan, podar, roda, jada, joy√≥n, cod√≠n, josa"
565,quienes,2,quien,"quien, guienesa, guien√©s, quiete, quijones"
566,sali√≥,12,salir,"salio, salia, salir"
567,xsus,2,sus,sus
568,buscar√©,1,buscar,buscar
569,morenamagica,1,,
570,ll√©vate,1,,
571,mg,3,me,"mu, me, m√≠, mi, my"
572,parientes,1,pariente,pariente
573,comunicaremos,1,,
574,combos,1,combo,"comboso, comb√©s, combo, combosa"
575,escriben,1,escrib√°n,escrib√°n
576,vie,2,ve,"ve, vide, vil, pie, vice, vid, vis"
577,lutrisionista,1,,
578,barasi,2,barato,"parsi, barata, barato, baraje, brasa, baria, sarasa, banas, bagasa, brasil, baraca, taras√≠, tarasa, baraja, bara√±o, barah√°"
579,zguzmzm,14,,
580,agendar,1,agenda,"agenda, atendar"
581,cu√°nto,2,cuanto,"cuento, cuanto"
582,entiende,1,entender,"enmienda, enmiente, entender"
583,ser√°,1,ser,"sur√°, sera, ser"
584,mandes,1,manes,manes
585,sufre,1,sufra,"sucre, sufra"
586,m√©dicos,3,m√©dico,m√©dico
587,use,1,se,"uste, uve, ube, se, ese, uso"
588,luyohy,14,,
589,habiles,2,habilosa,"habiloso, habilosa"
590,graciss,1,gracioso,"tracias, glacis, gracioso, graciosa, gracia, gracir, gratis"
591,saludos,6,saludo,saludo
592,suele,1,suelo,"suelo, suela"
593,nos√©,1,nos,"nos, no√©"
594,sie,1,se,"sine, se, sil, sin, si, sien, pie, sic"
595,xtda,1,nada,"teda, dada, fada, inda, mida, vida, o√≠da, meda, extra, rada, atea, zuda, ita, leda, t√≠a, veda, oda, coda, bada, boda, fida, hada, tea, zeda, lada, ta, seda, heda, exida, anda, poda, goda, eta, toda, moda, ida, jeda, otra, ata, nada, duda, nuda, atada, toa, muda, onda, ruda, uta, ceda, cada, soda, luda, roda, jada, tuda, arda"
596,comparas,1,comparar,"comparar, comparsa"
597,llegan,2,llegar,"llegar, llega"
598,pasando,6,pasado,pasado
599,piden,1,pid√©n,"pid√©n, pid√≥n"
600,ningun,2,ninguna,"ninguno, ninguna, ning√∫n"
601,respondia,1,responder,"respond√≥n, responsiva, espundia, respondona, responder"
602,visito,1,visto,"visivo, visto, visita, visiteo"
603,perdimos,1,perdido,"perdidoso, perdido, perdidosa, perdis"
604,cualws,1,cual,"culas, cual, cal√©s"
605,tandiet,1,candiel,"candiel, tandeo"
606,desmayarse,1,desmayar,"desmayar, descararse"
607,ipertenza,1,,
608,picoteo,1,pisoteo,"picofeo, picotero, pisoteo, picote"
609,covi,1,cori,cori
610,rresibirlo,1,,
611,peograma,1,programa,programa
612,ven,1,en,"vena, ben, ver, ve, ren, len, en, nen, sen, gen, vez, ten, yen"
613,demen,1,semen,"semen, yemen"
614,min,4,mi,"mio, mil, fin, din, sin, nin, man, miz, mina, hin, in, mi, mis, mino"
615,proteja,1,promesa,"erotema, portera, porte√±a, proeza, prote√≠na, procela, pronteza, boteja, procera, proteo, promesa, proejar, profeta, probeta, proterva, prolija, provena, protesta, proteica, proveza, profesa"
616,preciom,1,precio,precio
617,aa,1,a,"aya, as, ava, ka, ala, fa, an, a, za, ta, ya, la, na, ata, aja, ama, ea, ad, ana, a√±a, ah, ab, ara, aj, ax, √±a, ay, ha, ca, al, asa"
618,xr,2,ir,"ir, xi"
619,esq,1,es,"eso, esa, ese, es"
620,direccion,3,direcci√≥n,direcci√≥n
621,cumplan,1,cumplir,"cumplir, cumular"
622,sientas,1,mientras,"siena, tientos, sienita, siesta, tienta, mientras, mienta, sendas, sentar, lienta"
623,gestoria,1,gestora,gestora
624,podologa,2,pomolog√≠a,"posolog√≠a, pomolog√≠a"
625,jugos,1,jugo,"jugosa, jugoso, jugo"
626,informaron,1,informar,"informar, informador"
627,creaciones,1,,
628,confundido,1,confundir,confundir
629,informa,2,informe,"informe, informar, informal"
630,compartan,1,compartir,"comparte, comportar, compacta, compatr√≥n, comporta, comparar, comparsa, compactar, compartir"
631,contactos,1,contacto,contacto
632,devo,1,dejo,"dedo, deo, divo, evo, dejo"
633,sensor,2,senior,"senior, tensor"
634,ase,6,se,"aje, as, se, ese, as√≠, ave, axe, base, aseo, fase, pase, as√°, asa"
635,capacitaron,1,capacitar,capacitar
636,sy,2,y,"su, se, si, ny, ay, s√≠, so, my, y"
637,cosas,14,cosa,"cosa, coras"
638,bue,1,que,"buz, ube, buje, bu, bu√©, boe, b√∫e, buey, be, ble, buen, que"
639,escog√≠,1,escoger,"escopo, escote, escoger, escoba, escosa, escoda, escota, escobo, escot√≠n, escoa, escora, escoyo"
640,dieteticas,1,diet√©tica,diet√©tica
641,tendr√°n,1,tend√≥n,tend√≥n
642,ayudenmen,1,,
643,porf,1,por,"por, pora, poro"
644,in√∫tiles,1,in√∫til,in√∫til
645,ganas,4,ganar,"gansa, ganar, gana, banas, gatas"
646,cosejos,1,consejo,"consejo, cosmos, corvejos, conejo, cotejo"
647,qlfl,2,alfa,"alfa, alfil, elfo"
648,dol√≠a,1,dul√≠a,"fol√≠a, dul√≠a"
649,graciad,1,gracia,"graciada, graciado, gracia"
650,ayudes,1,ayuda,"agudez, ayudar, ayuda, aludel"
651,encuestas,1,encuesta,encuesta
652,bajarlo,1,bajar,"bajero, fajardo, bajar, bajillo, bajuelo"
653,p,2,a,"a, e, pi, pu, u, y, pe, o"
654,control√©s,1,,
655,superiores,1,superior,"superior, superiora"
656,env√≠an,2,enviar,"env√≠o, enc√≠a, enviar, envi√≥n"
657,felices,2,felice,felice
658,darle,1,dable,"dalle, dable"
659,entregaron,1,entregar,"entregar, entregado, entregador"
660,supongo,1,pongo,"supino, pongo, suponer"
661,informacion,9,informaci√≥n,informaci√≥n
662,videollamada,1,,
663,superarlo,1,superar,"superable, superar, superano"
664,realiza,1,realizar,"regaliza, realizar, realeza"
665,concejos,7,concejo,concejo
666,s√°bados,15,s√°bado,s√°bado
667,pdf,2,puf,"puf, paf"
668,sanos,1,sano,"sano, sanso, sanes"
669,ayudarnos,1,,
670,fisio,1,fisco,"misio, frisio, fisco"
671,respiras,1,respirar,respirar
672,pocito,3,mocito,mocito
673,varios,3,vario,vario
674,sapatillas,1,zapatilla,"zapatilla, sacasillas"
675,sabe,1,saber,"sabre, saber, labe, sable, sabea, sabeo, sebe, cabe"
676,tomas,1,tomar,"toma, tomar"
677,hacerme,15,hacer,"hacera, hacer, hacerir"
678,q,124,a,"a, e, u, y, o"
679,sistemas,3,sistema,sistema
680,fiembre,1,fiebre,"fiebre, fiambre"
681,tomando,12,tomado,"comando, tomado"
682,sirvan,1,sirena,"siriana, sirena, siriano, sira, servar, nirvana, silva, silvano, siria, sian, sirga, sierva, sirgar"
683,possecion,1,,
684,problemita,1,problema,problema
685,tunitas,1,,
686,catalogo,1,cat√°logo,cat√°logo
687,comunicase,1,comunicado,"comunicable, comunicar, comunicante, comunicada, comunicado"
688,habito,2,h√°bito,h√°bito
689,sejue,1,seje,seje
690,porciones,1,porcionera,"porcionera, porcionero"
691,costando,1,costado,costado
692,envieenme,1,,
693,libreria,2,librer√≠a,"libreril, liberia, librer√≠a"
694,lleg√≥,1,llega,llega
695,limon,2,lim√≥n,"limen, limo, lim√≥n"
696,suspendan,1,suspender,"suspensa, suspender"
697,mandaron,1,mandar√≠n,mandar√≠n
698,proveen,1,proveer,proveer
699,darles,1,dares,dares
700,crece,1,crecer,"crecer, creces, cruce, trece"
701,informado,2,informador,informador
702,salieron,4,salero,"salero, salmer√≥n, salser√≥n, salinero, saltero, saler√≥n, salsero, salidero"
703,alluda,1,alauda,"aluda, alauda, talluda"
704,calles,1,calle,calle
705,sirve,2,sirle,"sirle, sirte"
706,web,1,de,"res, job, per, se√≥, febo, tez, eh, tea, les, jebe, dea, ben, gea, et, sebe, gen, neb√≠, hez, ceo, en, me, deb√≥, mea, ses, yen, le, ser, feo, fea, dey, re, te, des, pel, debe, de, red, es, bey, ea, sebo, mes, ab, ley, neo, ye, rey, ren, pez, el, del, yebo, ten, sel, ne, len, bel, be, leo, fez, her, he, ube, ge, e, nea, ceb√∫, cea, pe, se, sen, sub, vez, sed, wat, fe, ver, rob, jea, bes, rea, ceba, pea, seo, cebo, fer, deo, ve, ce, nen, reo"
707,horas,8,hora,"foras, hora, coras"
708,deq,1,de,"dey, des, deo, del, dea, de"
709,yme,1,me,"ye, me, eme"
710,podr√©,3,podre,podre
711,maxsimo,1,m√°ximo,"marismo, marxismo, masivo, mansito, masilo, laxismo, m√°ximo"
712,d√≥nde,13,donde,"donde, dende"
713,debo,11,debe,"dedo, dejo, sebo, cebo, deo, deb√≥, debdo, debe, yebo, febo"
714,√∫tiles,6,√∫til,"etites, √∫til"
715,facebok,1,acebo,"facero, faceto, acebo, facedor"
716,podran,1,podre,"podre, poda, padr√≥n, pora, potra, porral, pod√≥n, porr√≥n, pedral, podar, podrir, pobrar, pobra, porra"
717,cont,1,con,"con, cono, conta"
718,quieres,3,querer,"quier, querer, queresa, quermes, quiete"
719,ad√≥nde,1,adonde,adonde
720,consegu√≠,2,conseguir,conseguir
721,preucupacion,1,preocupaci√≥n,preocupaci√≥n
722,ceguimiento,1,seguimiento,seguimiento
723,medido,1,medio,"metido, mejido, pedido, mediado, medio, medidor, medida"
724,minutos,27,minuto,minuto
725,angelicarawson,1,,
726,pais,1,pa√≠s,pa√≠s
727,memtoca,1,metopa,metopa
728,altas,1,alta,"atlas, alias, altar, alta"
729,disponibles,16,disponible,disponible
730,s,4,a,"su, es, as, se, si, a, e, so, y, os, u, s√≠, o"
731,medicado,2,mediado,mediado
732,volson,1,bolso,"volsca, bolso, bolsor, bols√≥n, volc√°n, bols√≠n, volsco, volvo, molso, voso, colon, voleo, telson"
733,asustaron,1,asustar,asustar
734,pudieron,1,,
735,troles,1,trole,trole
736,comunicarce,1,comunicar,"comunicante, comunicable, comunicar"
737,apoyarme,1,apoyar,"apozarse, apoyar"
738,realice,2,realce,realce
739,ulti,1,multi,multi
740,llegaron,1,llegar,"llegar, llegado"
741,empieso,1,empiezo,empiezo
742,par√°,1,para,"pap√°, paro, par, para"
743,laspiur,1,,
744,arg,1,aro,"erg, argo, ara, aro"
745,diab√©ticas,1,diab√©tica,diab√©tica
746,tmb,1,me,"tic, timo, rob, tui, temu, job, tac, t√≠o, tau, t√∫, tuba, my, ambo, ten, top, tamba, tas, t√≠a, ami, omb√∫, tus, tibe, toma, te, tez, eme, mu, tom√©, tomo, tea, m√≠, ta, taz, tumo, tumbo, tumba, toba, to, ti, tos, tal, tema, tri, tu, tab√≠, tan, timb√≥, ama, ton, timba, tubo, tamo, toa, ab, tab√∫, tome, tabo, me, taba, amo, t√©, sub, mi, tao, tul, tambo"
747,retire,3,retiro,"reitre, retiro, retir"
748,pregt,1,prest,prest
749,tomar√©,1,tomar,tomar
750,d,16,de,"de, a, e, d√≠, di, ad, u, y, do, o"
751,vieron,1,viejo,"vi√±ero, vivero, fiero, vero, vidro, vir√≥n, tierno, virol, hiero, viejo, ivierno"
752,ùò≤ùò∂ùò™ùò¶ùò≥ùò∞,1,,
753,disc√∫lpeme,1,,
754,rason,1,raso,raso
755,coordinando,1,coordinado,coordinado
756,tardes,122,tarde,tarde
757,saben,4,saber,"sabea, saber, sabeo"
758,consiste,1,conteste,"consistir, conmista, conmisto, conteste, convite, confite, consorte"
759,glucemea,1,glucemia,glucemia
760,tramite,1,tr√°mite,"traite, tr√°mite"
761,actualiza,1,actualizar,actualizar
762,alas,2,las,"alias, blas, alar, palas, a√±as, las, atlas, ala"
763,dirigirme,1,dirigir,"dirigir, dirigible"
764,int,1,in,in
765,destista,2,dentista,dentista
766,comence,1,romance,"comento, comiente, romance, comanche"
767,pregunto,2,pregunta,"presunto, pregunta, pregunteo"
768,comprarlo,1,comprar,"comprar, comprable, comprero, comprado"
769,asercarme,1,aseriarse,aseriarse
770,pra,1,para,"para, p√∫a, pura, pro, pora, ira, pre, pea, p√≠a, ora, proa, poa, era, ura, prea, ara, prao, pera, par, pira"
771,disculpen,7,disculpa,"disculpa, disculpar"
772,operada,1,aperada,"aperada, perada"
773,valorhemogb,1,,
774,decime,1,decir,"d√©cimo, d√©cima, decimal, decimar, declive, decibel, decible, decir"
775,jodpitdl,1,,
776,analis,1,analista,"adalid, asalir, anal, aralia, andalia, anan√°s, analista, acalia, ayal√©s, anavia"
777,va,10,a,"ve, ya, uva, ava, val, √±a, la, a, na, v√≠a, ea, ha, ca, ova, za, ta, ka, fa"
778,controlo,12,contrato,"costroso, contorno, contralto, contrato, contrito, contioso, contrallo, contralor"
779,vea,3,vez,"vena, vera, ver, jea, v√≠a, vela, rea, fea, veda, pea, tea, dea, mea, gea, ea, nea, vega, cea, ve, √∫vea, vez, veza, veta"
780,urgencias,2,urgencia,urgencia
781,solicitaremos,1,,
782,iso,1,eso,"liso, oso, eso, riso, so, piso, uso, biso, viso"
783,coment√≥,1,comento,comento
784,vean,2,vena,vena
785,contactado,1,contacto,contacto
786,lunyestetica,16,,
787,chipet,1,chiste,"cipe, hiper, chipote, chist, chip√©, chipre, chiste, chile, chupe, chape, chite, chupete, chip√©n, chupeta, chapeta, chope, chipa, chapeo, chalet, chapel, chip√°, chilpe"
788,qero,1,pero,"tero, pero, vero, cero, yero, ero, mero"
789,n√∫meros,1,n√∫mero,n√∫mero
790,aut√≥dromo,1,aer√≥dromo,"aer√≥dromo, aut√≥nomo"
791,urjensia,1,urgencia,urgencia
792,hipertensoy,1,,
793,byeno,1,bueno,bueno
794,olvidando,1,olvidado,olvidado
795,queree,1,querer,querer
796,tovadia,1,tomada,"topadiza, togada, jovada, tocada, aovada, tonada, torada, topada, ovada, tomada, tovida"
797,hasiendo,1,asiento,"hacienda, asiento, masieno"
798,seas,1,esas,"esas, seis, ses"
799,est√°s,8,estas,"estos, estas"
800,buscarlo,1,buscar,"√©uscaro, buscar, bucardo"
801,gripes,1,gripe,gripe
802,viene,8,bien,"vena, lieve, vide, sene, diente, vieja, vice, pene, nene, riente, siena, viernes, cien, sien, vicense, hiena, viejez, miente, vicente, vidente, piune, rene, sine, tizne, viejo, vitre, vien√©s, lene, bien, nieve, vientre, cisne, ciente, vigente, cierne, cieno, veinte, ene, viaje, vino, cine, vienesa, viento, peine"
803,simplementeyo,1,simplemente,simplemente
804,salta,1,falta,"sala, palta, calta, balta, santa, salga, saltar, malta, salea, saleta, salto, sarta, alta, salva, salma, salia, salpa, saeta, salsa, falta"
805,hla,35,la,"hola, hila, la, hala, ola, ha, ala"
806,buendia,10,buena,"bendita, duenda, blenda, cuenda, buena"
807,chat,2,chal,"chan, chal, chai, chata, chato, chad, cha"
808,mjs,2,m√°s,"mus, m√°s, mas, mes, mis"
809,intentar√©,1,intentar,intentar
810,propiedades,5,propiedad,propiedad
811,sesiones,1,misiones,misiones
812,videla,1,vitela,vitela
813,pocos,1,poco,poco
814,cpnsigue,1,,
815,respondiendo,3,respondiente,respondiente
816,margaritas,2,margarita,margarita
817,estaba,10,estafa,"estaca, estala, esteba, estiba, estafa, estada"
818,ke,7,de,"ve, ne, re, te, ge, se, ce, le, ye, me, e, be, ka, he, fe, pe, de"
819,milei,2,mili,mili
820,gordita,1,cordita,"cordita, gorlita"
821,felicidades,1,felicidad,felicidad
822,pens√©,6,pensar,"densa, pensel, penal, men√©s, persa, pene, penosa, penoso, jes√©, pena, tenso, peno, penar, pansa, pensar, tensa, denso, censo, penol, penca, pesa, prensa, peso, pensil, penco, pienso"
823,qui√©n,2,quien,quien
824,enviaban,1,enviada,enviada
825,digan,1,digna,digna
826,dorm√≠a,1,forma,"doma, horn√≠a, porf√≠a, dr√≠a, dorm√°n, horma, corma, dezm√≠a, dormida, dorada, norma, dolom√≠a, doria, dogma, dorna, forma, org√≠a, dormir"
827,video,1,fideo,"vidro, ideo, vide, fideo"
828,lindos,2,lindo,lindo
829,hidratos,1,hidrato,hidrato
830,tomarlos,1,,
831,est√°,40,esto,"este, esta, esto"
832,bicio,1,bicho,"licio, picio, ricio, vicio, bicho, bocio"
833,duele,4,duelo,"duelo, dele, duela"
834,meyamo,1,memo,"retamo, mesmo, mucamo, mecano, meato, meya, meda√±o, recamo, memo, melampo, metano, melado, me√≠smo"
835,hosp,2,hospa,hospa
836,hospitales,1,hospital,"compitales, hospital, hospitalero, hospitalera"
837,realizarme,1,realizar,"realizar, realizable"
838,tomsndo,1,tomado,"comando, tomento, tomado, torondo, tondo"
839,puede,33,pues,"leude, duende, nueve, pene, quedo, lue√±e, ruedo, rueda, puado, cuete, pedo, plebe, pueble, pelde, puente, sede, pues, pud√∫, queda, cuende, pu√±ete, peje, pepe, pece"
840,sabi,1,sabia,"sabia, sabio"
841,controlada,15,contornada,"contrada, contornada"
842,austedes,1,,
843,pr√≥ximos,1,pr√≥ximo,pr√≥ximo
844,convencen,1,convencer,convencer
845,vajo,1,bajo,"vafo, vaso, cajo, fajo, vano, gajo, vado, tajo, ajo, bajo, vaho, vaco, pajo, majo, vago"
846,hice,31,vice,"vice, hoce, fice"
847,jubilarme,5,jubilar,"jubilante, jubilar"
848,deve,1,debe,"dese, leve, debe, dele"
849,noches,4,noche,noche
850,fslta,1,falta,falta
851,glucometro,1,gluc√≥metro,gluc√≥metro
852,respeta,1,respeto,"respeto, respetar"
853,hipertensa,1,,
854,eran,2,era,"cran, era, erar, eral, gran"
855,nunka,1,nunca,nunca
856,caf,1,caf√©,"cao, caf√©, cay, cas, caz, can, ca, cai, paf, cal, cap, car"
857,cirugia,1,cirug√≠a,cirug√≠a
858,pensaba,1,pensada,pensada
859,controlandome,1,,
860,dolores,1,dolor,"dolor√≠o, dolorosa, dolobre, dolora, doloroso, dolor"
861,preocupan,1,preocupar,preocupar
862,dni,1,ni,"ni, di, din"
863,msjs,3,m√°s,"maes, mojo, esos, moje, moj√≠, mies, majo, mus, m√≠os, mas, esas, mes, maj√°, m√°s, sus, maja, ses, mis, mijo, sos"
864,jodida,1,comida,"godiza, polida, codina, molida, cosida, jonia, judiada, mordida, tovida, cogida, podrida, codada, movida, jovada, cocida, yodada, dolida, rodia, rodada, comida, medida, ardida"
865,recibielos,1,,
866,prop,1,proa,"pro, proa"
867,carnet,1,carne,carne
868,perd√≠,1,pero,"perol, verde, perra, perta, perro, persa, per, perdis, lerda, verd√≠n, berb√≠, perada, perd√≥n, per√∫, per√≠s, lerdo, pedo, cerdo, perder, pero, perno, parda, perdiz, perca, pelde, perla, pardo, pedro, peri, peral, cerda, pera, perna, vend√≠, pereda"
869,contestaron,1,contestar,"contestano, contestar"
870,presento,1,presente,"presunto, presente"
871,adultos,1,adulto,adulto
872,mejes,1,mejer,mejer
873,comprarlos,2,,
874,avisen,1,avis√≥n,avis√≥n
875,nervios,1,nervioso,"nervio, nerviosa, nervioso"
876,temores,1,temor,"temor, termes"
877,vendiciones,2,,
878,recibidos,2,recibidor,recibidor
879,diaveticos,1,,
880,enorgullece,1,enorgullecer,enorgullecer
881,ceflodi,2,,
882,avist√≥,1,visto,"visto, avistar, avesta, avisp√≥n, avisar, arista, avispa, aviso, vista, avis√≥n"
883,laza,1,taza,"baza, laxa, lazo, la√±a, laya, liza, lava, lama, laja, faza, liaza, daza, lasa, plaza, laca, gaza, lazar, haza, maza, lata, caza, lapa, raza, zaza, lanza, taza, lada, alza, lana, loza"
884,animarme,1,animar,"animar, ani√±arse, animante"
885,fisica,2,f√≠sica,"f√≠sica, risica"
886,esperas,1,espera,"esperar, espera"
887,atendida,5,tendida,tendida
888,ando,8,mando,"ano, aedo, indo, mando, bando, pando, nado, anda, anuo"
889,manden,11,mand√≥n,mand√≥n
890,galvus,1,gal√©s,"gal√©s, malv√≠s, galv√°n"
891,ir√©,1,ir,"ir, ira"
892,tecnology,1,tecnolog√≠a,tecnolog√≠a
893,granitos,1,granito,granito
894,hustedes,1,,
895,agrdesco,1,godesco,"griesco, godesco, sardesco"
896,osea,2,√≥sea,"osta, osera, osca, oseta, orea, osa, √≥sea, osear"
897,bns,1,bis,"bis, bes"
898,cercanos,1,cercano,cercano
899,encantados,1,encantado,"encantado, encantador"
900,otros,4,otro,"otros√≠, otro"
901,atendemos,14,atendedor,atendedor
902,dejaron,1,dejar,"tejaroz, dejar, dejado, dejador"
903,bale,1,vale,"balea, balde, baleo, vale, bala, base, ble, baile, cale, bable"
904,corticoides,1,cricoides,"cricoides, coracoides"
905,gace,1,goce,"galce, gacel, goce, gaje"
906,dicen,6,bien,"pic√≥n, dicaz, din, diasen, dicente, div√°n, diez, nicena, niceno, diuc√≥n, vice, limen, liceo, decena, doc√©n, cien, sien, dirceo, doce, himen, dis√≥n, picea, fice, docena, dicho, dije, bien, dijes, doceno, dircea, micer, dicha, deceno, dimes"
907,concurr√≠,1,concurso,"concurso, concurrir"
908,controlare,1,contralar,contralar
909,ma,1,a,"mal, m√≠a, my, ka, fa, mu, man, a, m√≠, za, ta, ya, la, na, ama, mas, ea, mar, moa, √±a, ha, me, ca, mi, mea"
910,cuidandome,2,,
911,ƒ£racias,1,tracias,tracias
912,rompi√≥,2,romper,"romper, trompis, rompida, rompido"
913,avisan,1,avisar,"avis√≥n, avisar"
914,ayudarme,3,ayudar,"ayudar, ayudante, adarme"
915,diavetis,1,diabetes,diabetes
916,creo,12,crea,"treo, ceo, credo, c√©reo, cr√≠o, oreo, cr√∫o, cero, careo, coreo, creso, reo, freo, crea"
917,pasas,1,pasa,"pasar, pasa, patas, palas"
918,dedicando,1,delicado,"dedicante, delicado, educando"
919,robaron,1,robar,"robado, robar, robador"
920,bendecido,3,bendecidor,bendecidor
921,tamabien,1,tambi√©n,tambi√©n
922,b,5,a,"bu, a, o, e, be, u, bi, y, ab"
923,vio,5,vino,"mio, vito, vil, vilo, ovio, vico, vino, vivo, vid, viso, vis"
924,sr,5,se,"su, sri, se, ir, si, so, ser, sur, sor, s√≠"
925,salgo,3,algo,"sago, salmo, salvo, saldo, salto, salio, dalgo, sango, salga, galgo, algo, sargo, salso"
926,sutlar,1,suflar,suflar
927,escriban,1,escriba,"escribano, escriba, escribana, escrib√°n"
928,veas,2,veras,"veras, evas"
929,ud,3,un,"ut, un, ad, u, uf, sud"
930,enviarla,1,enviar,"enviar, enviada"
931,aden,1,ad√°n,"baden, ad√°n"
932,poes,1,pues,"pues, pos"
933,sab√≠a,67,sabia,"sabea, sabia, saj√≠a"
934,tomarnos,2,,
935,uds,3,de,"lis, res, as, ros, zas, las, gis, zuda, dos, tas, su, uva, √±udo, les, duda, uzo, nuda, luis, u, uf, do, ras, luda, ses, mis, duc, pos, sud, los, tus, oda, des, yos, di, judas, de, gas, dis, es, uve, mes, cis, uc√©, vis, ruda, m√°s, sos, cas, nos, ursa, ut, bis, ad√≥, ufo, nudo, ube, idus, mas, pus, ad, muda, una, sus, idos, vos, tuda, upa, rus, u√±a, bes, uno, rudo, dux, ur√∫, d√≠, fas, mus, u√±i, mudo, tos, ida, ura, duz, zis, un, uro, os, pues, uta, pud√∫, ub√≠, uso"
936,funciona,1,funcionar,"funcionar, funcional"
937,virgila,1,vigilar,"virginia, viruela, argila, virgaza, virginal, virina, vigilar, v√≠rgula, virola, vigilia, viril"
938,book,1,boca,"bo√≠l, boj, bobo, bola, broa, boja, boro, boya, cok, boba, bojo, bofa, bono, bofo, boda, bode, boca, boe, oboe, boa, bocoy, boza, botor, bofe, bon, bol, bote, bona, bou, boga, bota, bolo, boy, loor, boto, bao, boje, bozo"
939,gracis,2,gratis,"gracir, glacis, gratis, gracia"
940,grs,1,gas,"gro, gris, gas, gis, gres, gros"
941,sedeve,1,sede,"serete, sede√±a, sedear, sede√±o, sedero, jedive, sedera, sede, sedente"
942,profe,1,prole,prole
943,ser√≠a,10,seria,"serba, serpa, serna, oser√≠a, sera, er√≠a, seria, serta"
944,buscando,1,buscador,"buscador, buscada, bucardo"
945,ventas,1,venta,"venta, ventar"
946,guiero,1,aguiero,"aguiero, guitero"
947,teng,2,ten,"ten, tena"
948,separa,1,separar,"senara, separar"
949,s√°came,1,s√°cere,"s√°cere, s√°cope"
950,tengo,251,tenso,"rengo, tenso, tenuo, tango, tongo"
951,gestacional,1,estacional,estacional
952,market,1,martes,"martes, margen, martel, mareta, marbete, marceo, mareo, marte, marea"
953,talleres,5,taller,"tallecer, taller"
954,bs,13,es,"es, as, bu, bis, bes, be, os, bi"
955,seran,1,sera,"serna, ser√≥n, serano, sera"
956,nailsstudio,1,,
957,medirmela,1,,
958,resibirlo,4,,
959,i,2,a,"ji, fi, ti, ir, si, xi, a, hi, e, pi, in, di, mi, u, ni, bi, y, o"
960,xla,1,la,"la, ala, ola"
961,estuvimos,1,,
962,personas,6,persona,"personal, persona"
963,tuve,7,uve,"tute, uve, tule"
964,cuidarme,2,cuidar,"cuidante, cuidar"
965,parece,1,parecer,"parce, parecer"
966,ocasiones,1,ocasional,"ocasionar, ocasional"
967,enredaba,1,enredar,"enrejada, enredosa, enredar"
968,fue,15,que,"fe, ful, fuer, fu, que"
969,turnito,1,turnio,turnio
970,av√≠same,2,,
971,caminando,3,examinando,"examinando, caminador, laminado, caminante, caminada"
972,homa,1,hora,"home, coma, zoma, hoya, toma, moma, noma, hola, loma, horma, doma, goma, poma, hoja, soma, hora, roma, hopa"
973,necesitara,1,necesitar,"necesitar, necesitada"
974,haserme,2,,
975,oftamologo,1,oftalm√≥logo,oftalm√≥logo
976,horarios,9,horario,horario
977,hise,3,se,"lis, vide, pije, gis, hoce, hiper, hiel, √±ire, hove, pisa, tiste, siseo, chiste, himen, hupe, chite, pase, dije, lisa, seise, cese, visu, biso, mis, hisca, giste, hijo, hin, chis, hoste, hila, base, tose, mese, huso, dis, piso, cis, vis, cisne, dese, riso, aire, higo, hule, riste, cipe, liso, hija, tis√∫, viso, chist, higa, bisel, risa, bis, mies, he, sine, fice, ese, hi, sisa, hae, home, se, fase, cine, vice, hilo, misa, tibe, lite, chile, hito, hipo, chisa, zis, hita, pie, √±ipe, chisme"
978,recivirlos,1,,
979,caminatas,5,caminata,caminata
980,esperamos,1,esperador,esperador
981,unos,14,nos,"nos, uno"
982,pod√≠a,4,poda,"poda, tod√≠a"
983,gracias,1923,gracia,"tracias, gracia"
984,hacemos,2,hacedor,hacedor
985,dibietolo,1,,
986,porfabor,1,portador,"porfiador, portador"
987,arreglen,1,arreglar,"arreglo, arreglar"
988,dirig√≠,1,dirigir,dirigir
989,vildagliptina,1,,
990,voy,45,hoy,"voz, doy, coy, boy, vos, hoy"
991,hl,1,el,"h√≠, √©l, el, hi, ha, al, √°l, he, hu"
992,vuelve,1,vuelta,"vuelta, vuelco, vulva, fuelle, nueve, guelte, vuelo, muelle, vuelto"
993,rodriguez,1,,
994,fui,28,fu,"fi, tui, ful, fuir, fu, qui"
995,glic,1,gris,"tic, lis, plica, gis, olio, g√°lica, g√ºin, g√°lico, lid, √°lica, gil, sic, clin, gris, alim, clac, ali, clica, gil√≠, cric, galio"
996,mensajes,26,mensaje,mensaje
997,libano,2,l√≠bano,l√≠bano
998,vueltas,2,vuelta,vuelta
999,√∫ltim,1,√∫ltimo,"√∫ltima, √∫ltimo"
1000,colores,2,color,"color√≠n, colorar, colorear, colorete, color, comoras, colorir, colote"
1001,llegara,1,llegar,"llegada, llegar"
1002,veo,8,vez,"ve, ver, ceo, vero, seo, velo, deo, vezo, leo, vez, feo, evo, reo, veto, neo"
1003,promociones,12,,
1004,brindan,1,brindar,brindar
1005,lapadesemos,1,,
1006,denada,2,dejada,"donada, senada, dentada, penada, dejada, dedada, cenada, tenada"
1007,secundarios,1,secundario,secundario
1008,haora,1,ahora,"hora, ahora"
1009,balanceada,1,balancear,"balancear, balanceador, palancada, lanceada, balanceadora"
1010,c√≥mo,59,como,como
1011,much√≠sima,2,,
1012,sabiendo,1,sabiondo,sabiondo
1013,caps,2,caos,"capi, cas, capa, caos, cap√°, cap"
1014,insulinas,2,insulina,insulina
1015,faltando,1,saltado,"falcado, callando, saltado, altano, faltante"
1016,cabezera,1,cabecera,"cabecera, cabedera"
1017,tel√©fonos,1,tel√©fono,tel√©fono
1018,abla,1,habla,"abra, habla, fabla, tabla, bala, abia, aula, nabla, ala, alba"
1019,ri√±on,1,ri√±√≥n,ri√±√≥n
1020,echo,2,hecho,"hecho, ecuo, cho, icho, techo, eco, ocho, fecho, pecho, lecho"
1021,cambie,1,cambio,"cambio, cambia, cambil"
1022,cardiologo,1,cardi√≥logo,cardi√≥logo
1023,test,1,testa,"lest, teste, tesa, teso, testa"
1024,ocupando,1,cuando,"ocupante, cuando, ocupada, ocupador"
1025,frutas,2,fruta,"fruta, frutar, frutal"
1026,pudo,1,puto,"pudor, pufo, nudo, puro, podo, mudo, pud√∫, puto, puyo, puado, pu√±o, pujo, √±udo, pudio, pedo, rudo"
1027,cuiden,1,quien,"cuido, cien, quien, crimen, leiden, cuidar, cuida, cuin"
1028,melo,1,malo,"gelo, mulo, molo, celo, mela, milo, pelo, velo, medo, memo, melgo, mero, amelo, malo, mego, lelo, meco, muelo, merlo"
1029,d√≠as,120,d√≠a,"d√≠a, d√∫as"
1030,comtrolando,1,,
1031,graciias,2,gracia,"gracia, tracias, graciosa"
1032,atendiendo,1,,
1033,marmoles,1,marmolejo,"marmole√±a, marmole√±o, marmolejo"
1034,deabetologo,1,,
1035,notificar√≠a,1,notificar,"notificada, notificar"
1036,sale,2,vale,"salea, sala, sal, vale, sable, salep, salve, cale, salce"
1037,falleci√≥,2,fallecido,"fallecer, fallecida, fallecido"
1038,desconozco,1,,
1039,algun,1,alguna,"algund, alguno, alg√∫n, alguna, algunt"
1040,encontr√©,2,encontrar,"escontra, encontrar, encontr√≥n, enconar"
1041,sub√≠,1,rub√≠,"ub√≠, rub√≠, suf√≠, sub"
1042,varices,1,varice,varice
1043,much√≠simas,9,,
1044,condiciones,1,condicional,"condicionar, condicional"
1045,aga,1,agua,"aya, ava, jaga, paga, ag√°, daga, ala, agua, alga, gaga, agra, maga, saga, ata, aja, ama, ana, ara, a√±a, baga, zaga, vaga, asa"
1046,sabes,3,saber,"saber, sanes, sabea, sabeo, tabes"
1047,figueroa,1,figura,"miguero, miguera, foguera, figura, figurera, higuera, viguer√≠a, figueral, figurer√≠a, foguero, figurero"
1048,studio,2,estudio,estudio
1049,diabetica,6,diab√©tica,diab√©tica
1050,denge,1,dengue,"menge, dengue, dende"
1051,ecografia,1,cecograf√≠a,cecograf√≠a
1052,dispara,1,disparar,"disparar, disparo, dispar"
1053,gucd,1,gu√≠a,"ruca, gurdo, guaca, guaco, buco, yuca, guja, tuca, gura, tuco, ruco, sucu, auca, luco, nuco, goce, guado, guau, cuca, suco, gurda, quid, fuco, uc√©, guao, cuc√∫, gua, guro, ruc, guay, cuco, gu√≠a, guido, duc, uced, gula, sud"
1054,miercoles,2,mi√©rcoles,mi√©rcoles
1055,avisarme,1,avisar,avisar
1056,erupci√≥no,1,erupci√≥n,erupci√≥n
1057,yes,2,es,"res, es, bes, des, ye, yos, mes, ses, les, yeso, yen"
1058,colesterol,6,coletero,coletero
1059,naturadayer,2,,
1060,hokey,1,hoy,"home, hove, hotel, hopeo, hoce, hoy, copey"
1061,hipodromo,1,hip√≥dromo,hip√≥dromo
1062,pedire,1,pedir,pedir
1063,prosadia,8,prosada,"prosapia, prosodia, prosada"
1064,miran,1,mira,"mira, mir√≥n, mirar"
1065,autorizan,1,autorizar,autorizar
1066,siquierorecibirlos,1,,
1067,controlan,2,contralar,contralar
1068,es√±lican,1,,
1069,dice,7,dije,"vice, dije, doce, fice"
1070,adelgace,1,,
1071,llamame,1,llama,"llamada, llama, llamante, llamado, llamar"
1072,eperando,1,venerando,"querando, execrando, venerando, aperado, eperlano, esperanto"
1073,caras,1,cara,"caray, cara√∫, cras, coras, caraos, cara, carao"
1074,resien,1,presi√≥n,"resina, lesi√≥n, regi√≥n, rasi√≥n, sien, sesi√≥n, cesi√≥n, reci√©n, resisa, remiel, resigna, presi√≥n, respe, resumen"
1075,asi,9,si,"ami, tasi, ali, as, asir, as√≠, si, psi, casi, asa, as√°"
1076,bendesido,1,bendecidor,bendecidor
1077,aguanto,1,aguante,"alguanto, aguante"
1078,pa√±itos,1,a√±icos,"pasito, a√±icos"
1079,verlas,1,veras,veras
1080,pude,2,pud√∫,pud√∫
1081,existen,1,existir,"existir, existente"
1082,tenciometro,1,,
1083,importa,1,importar,"imposta, importe, importar"
1084,adios,1,dios,"adi√≥s, dios"
1085,sepa,1,sopa,"sega, cepa, seta, se√±a, serpa, sepia, sena, sepe, seca, sopa, sera, sapa, epa, pepa, seda"
1086,deabetes,2,diabetes,diabetes
1087,sobres,1,sobre,sobre
1088,nomas,1,noma,noma
1089,hhola,1,hola,"chola, hola"
1090,atien,1,bien,"cati√≥n, ateo, afine, aci√≥n, ten, atea, ani√≥n, cien, sien, at√∫n, tren, at√°n, avi√≥n, atino, antier, alier, bien, quien, aries"
1091,sigas,14,gas,"jiga, siglo, sigua, segar, sagaz, siega, higa, sita, islas, sisar, sima, singar, suyas, soga, ligar, saga, gas, signar, viga, sira, biga, sisa, sigma, sian, silga, sirga, sergas, miga, sega, signo, jijas, giga, liga, singa, silgar, migar, sigla, sirgar"
1092,sosial,1,social,"sosia, social, sosal"
1093,etc,1,et,"eta, et"
1094,disculpas,2,disculpa,"disculpa, disculpar"
1095,vildagliptin,1,,
1096,recivir,1,recibir,"revivir, recibir"
1097,ser√°n,2,sar√°n,"ser√≥n, sar√°n"
1098,pyeden,1,yemen,yemen
1099,cuestan,1,cuesta,"cuestas, cuesta"
1100,tel,1,el,"sel, tael, tal, te, tez, el, bel, tea, del, pel, ten, tul, tela"
1101,anteojos,3,anteojo,anteojo
1102,aveces,1,creces,"alece, arecer, amecer, creces, preces"
1103,respectivos,1,respectivo,respectivo
1104,agradecer√≠a,2,agradecer,agradecer
1105,pastas,1,pasta,"pastar, pasta, patas"
1106,llamando,1,llamado,llamado
1107,gustaria,2,gustar,"gustar, guitarra, gustativa, muscaria, guaria, usuaria, austria"
1108,quiero,1783,quieto,"quier, quiebro, quieto, quijero"
1109,atiendo,5,atuendo,atuendo
1110,podria,2,podrida,"podrir, podrida"
1111,preguntaba,1,pregunta,"preguntona, pregunta, preguntar"
1112,haciendo,17,hacienda,hacienda
1113,unisex,2,unis√≥n,unis√≥n
1114,suspendieron,1,,
1115,servicios,3,servicio,servicio
1116,xq,14,xi,xi
1117,evita,1,evitar,"levita, evitar"
1118,uriel,1,riel,"buriel, riel, curiel"
1119,endocrin√≥logo,1,,
1120,sirvi√≥,3,servir,"servil, servio, siria, servia, sirio, sirria, servir"
1121,quieren,4,quien,"quitr√≠n, quier, querer, quien, quiete"
1122,yde,1,de,"ye, de"
1123,direcciones,2,,
1124,atodos,1,todo,"atoro, atador, acodo, atado, todo, amidos, apodo"
1125,piur,1,piar,"piure, piar"
1126,estudiaron,1,estudiar,"estudiador, estudiar"
1127,esty,4,esto,"este, esta, estay, esto"
1128,ultimo,2,√∫ltimo,√∫ltimo
1129,llegu√©,1,llegar,"legua, llegar, llega"
1130,llamarme,1,llamar,"llamargo, llamante, llamar"
1131,medirme,6,medir,medir
1132,aseme,1,ademe,ademe
1133,aprobacion,1,aprobaci√≥n,aprobaci√≥n
1134,aprox,1,arroz,"agro, paro, trox, atroz, pro, arroz, aproxis, aro, apero, agror, proa, acroy, aproar, apeo, apuro, afro, aspro, apr√©s, apio, apto, aron, acroe"
1135,baratos,1,barato,barato
1136,finde,1,linde,linde
1137,explicarme,1,explicar,"explicar, explicable"
1138,moverse,1,mover,"mover, movente"
1139,hacectarme,1,,
1140,podr√≠as,1,,
1141,pastillas,2,pastilla,pastilla
1142,ok,541,o,"cok, ox, oc, oh, os, o"
1143,quero,2,quedo,"quera, quetro, fuero, quejo, suero, tuero, cuero, queso, huero, quedo"
1144,otras,3,otra,"tras, otra"
1145,comprarlas,1,,
1146,ii,1,mi,"ji, fi, ti, ir, si, xi, hi, pi, in, di, mi, ni, bi"
1147,d√©,5,de,"d√≠, di, t√©, d√©l, do, de"
1148,hacen,5,hacer,"hacer, hac√°n"
1149,bienvenid,4,bienvenida,"bienvenida, bienvenido"
1150,omeno,1,ameno,"omento, ameno, omero"
1151,camina,1,camino,"casina, camia, caminar, camino, calina, ramina, canina, camena, camita, camisa, camin√≠"
1152,siento,9,asiento,"liento, tiento, asiento, viento, ciento"
1153,sean,1,san,"sian, san, sena, sen"
1154,edulcorante,4,,
1155,bn,1,en,"ben, an, bu, bon, en, in, un, be, bi"
1156,engordo,1,engorda,"engorda, engorde, engorro"
1157,gacias,1,hacia,"macis, aciar, dacia, tracias, gavia, guacia, napias, acial, facies, sacia, saciar, lacia, vaciar, gacha, racial, facial, macia, gavial, parias, gatas, facia, hacia, glacis, alias, glaciar, gracia, glacial"
1158,chas,1,chal,"chan, chal, cas, cras, chai, chad, cha, chus, chis"
1159,llevando,1,llegado,"llegado, elevado, llevanza, llevador, llevada"
1160,usa,2,una,"esa, ursa, uta, una, fusa, uva, us√≠a, rusa, u√±a, ura, upa, osa, uso, musa, lusa, usar, asa, tusa"
1161,enpadronar,1,empadronar,empadronar
1162,dia,106,d√≠a,"dij, dis, dial, dix, din, ida, diva, d√≠a, di, dita, ria, diz, dea, dina, d√∫a"
1163,medicada,6,mediada,mediada
1164,apollo,1,pollo,pollo
1165,xque,1,que,"oque, que"
1166,gra,1,era,"gro, gr√∫a, ira, gua, gea, era, ura, gira, gran, gura, grao, agra, ara, ora"
1167,maternida,1,maternidad,maternidad
1168,msjes,1,mujer,"mejer, mojel, mujer, manes, mes, maes, mies, ses, moje, dijes"
1169,vidagliptina,2,,
1170,esperando,5,esperanto,esperanto
1171,cristales,1,cristal,"cristal, cristalera"
1172,actibidad,1,actividad,actividad
1173,asen,5,aseo,"as√≠n, sen, aseo"
1174,recibiendo,1,recibiente,recibiente
1175,interesan,2,interesar,"interesar, interesal"
1176,galletitas,2,,
1177,teniendo,3,teniente,"remiendo, tenienta, telendo, teniente"
1178,comunicarse,4,comunicar,"comunicar, comunicable, comunicante"
1179,cursos,1,curso,"curso, cursor"
1180,queremos,1,quermes,"quermes, quevedos"
1181,a√±os,29,a√±o,"amos, a√±o, a√±as, a√±oso, a√±osa"
1182,4535_cardenas,1,,
1183,presion,2,presi√≥n,presi√≥n
1184,t√©cnicas,4,t√©cnica,t√©cnica
1185,o√±ativia,2,,
1186,marilyn,1,maric√≥n,"mari√≥n, maric√≥n"
1187,emedido,1,em√≠dido,em√≠dido
1188,buend√≠a,8,buena,"buena, blenda, cuenda, duenda"
1189,rompen,1,romper,romper
1190,quuero,1,quedo,"quera, bulero, uvero, quetro, cunero, susero, u√±ero, dulero, suero, gruero, quieto, cuero, lucero, quedo, umero, afuero, quier, yusero, cubero, hulero, fuero, yubero, quijero, bucero, huero, quiebro, buhero, humero, quejo, husero, tuero, culero, mulero, yuguero, quesero, aurero, putero, fulero, queso, jurero, cuquero, fumero"
1191,salen,1,sal√≥n,"salep, salea, sal√≠n, sal√≥n"
1192,dela,1,del,"bela, dala, delga, vela, dula, del, pela, delta, mela, debla, deca, dea, cela, deja, tela, lela, duela, delia, della, dele, deal"
1193,conozco,11,connosco,"connosco, monoico, conusco, conopeo, corozo, conoto, conuco"
1194,tenes,4,tener,"tenis, tener"
1195,padecen,1,padecer,padecer
1196,hayer,1,hacer,"hacer, ayer, haber"
1197,miss,1,mis,"mies, mis, misa"
1198,felicit√≥,1,felicitar,felicitar
1199,ojos,5,ojo,"ojosa, ojo, ojoso"
1200,laborales,1,laboral,"laborable, laboral"
1201,_cat√°logo_,1,cat√°logo,cat√°logo
1202,consegar,1,consegrar,"consejar, consegrar"
1203,termina,1,terminar,"terminar, terrina, terpina, terminal, termita"
1204,cel√≠aca,1,celiaca,celiaca
1205,preocupes,1,preocupar,preocupar
1206,mandemen,1,,
1207,sapatos,1,zapato,zapato
1208,darme,1,adarme,"adarme, carme"
1209,mido,8,miedo,"mio, mico, mino, mudo, modo, mida, mito, fido, miedo, nido, medo, mimo, mijo, milo, mizo"
1210,avisa,1,aviso,"avica, avispa, aviesa, avisar, aviso"
1211,responderme,1,responder,responder
1212,tengamos,1,,
1213,solomante,1,solamente,"sollozante, sofocante, colorante, solamente"
1214,sucar,1,sacar,"sumar, surcar, cucar, sacar, rucar, secar, sulcar, sudar"
1215,now,1,no,"nos, no√©, no, non"
1216,podemos,47,poderoso,"poderosa, poderoso"
1217,num,1,pum,"pum, hum, numo"
1218,marinado,1,marginado,"harinado, marginado"
1219,prefiero,1,prefijo,"prensero, prefijo, grefier, pretinero, prendero, presero"
1220,colite,1,colote,colote
1221,luchando,1,luchador,"luchador, lucano"
1222,sitengo,1,bitango,"sirenio, seteno, silingo, bitango, bitongo"
1223,cubre,2,cobre,"cumbre, cutre, ubre, cobre"
1224,derivan,1,deriva,"deriva, derivar"
1225,ugencia,1,agencia,"agencia, ucencia, usencia, urgencia"
1226,juguetes,1,juguete,"juguete, jugueteo"
1227,edea,1,idea,"edema, enea, exea, idea, dea"
1228,est√©s,1,estas,"estos, estas"
1229,hombros,1,hombro,hombro
1230,regimen,1,r√©gimen,r√©gimen
1231,clases,2,clase,clase
1232,se√±oras,1,se√±ora,se√±ora
1233,marchetti,1,,
1234,union,1,uni√≥n,uni√≥n
1235,controle,2,contable,"cotrofe, contable"
1236,valery,1,valer,valer
1237,puedes,1,pues,"pues, jueves, puches, pubes, preces"
1238,metas,4,meta,"metal, meta, metad"
1239,formas,2,forma,"formar, formal, forma, foras"
1240,cortes,1,corte,"cort√©s, corte"
1241,apret√©,2,apretar,"apretar, arete, apret√≥n, agreta, apreso, agrete, apresto, apresa, aprieto"
1242,nomaa,1,noma,noma
1243,envi√©,1,enviar,"envido, env√©s, enviso, envisa, enviar, envite, encia, envi√≥n, env√≠o"
1244,met,2,me,"et, me, meta, mes, mea"
1245,asuncion,1,asunci√≥n,asunci√≥n
1246,deshidratas,1,deshidratar,deshidratar
1247,graciass,1,gracioso,"tracias, graciada, graciosa, gracioso, gracia, graciado"
1248,efermedades,1,,
1249,kiero,10,fiero,"hiero, fiero"
1250,benificio,1,beneficio,beneficio
1251,pensando,1,pensado,pensado
1252,nl,1,no,"√©l, no, ne, na, el, ny, al, √°l, ni"
1253,peluqueria,2,peluquer√≠a,"peluquera, peluquer√≠a"
1254,braki,1,brazo,"braga, bracio, braco, braca, bracil, bra√±a, irak, brasa, brazo, brava, braza, bramo, brasil, brama, bravo"
1255,miguel,1,igual,"miguero, maguer, miguera, maguey, igual, meguez, miel, rigel"
1256,njkhsaacxopguoez,1,,
1257,buenos,118,bueno,bueno
1258,domingos,1,domingo,domingo
1259,qurugih,2,,
1260,realizarlo,1,realizar,"realizar, realizable"
1261,padeci√≥,1,padecer,padecer
1262,qe,5,que,"ve, ne, que, re, te, ge, se, ce, le, ye, me, e, be, he, fe, pe, de"
1263,practica,1,pr√°ctica,"practicar, pr√°ctica"
1264,compu,1,como,"corpus, cop√©, pompo, combo, coipo, campa, como, comta, comal, zompo, campo, comba, comto, compto, pompa, cimpa, coma, comer, colpa, comp√≥n, cospe, comp√°s, zompa, corps, copa, cope, copo, com√∫n, colpe, com, corpa, compra"
1265,universitarios,1,universitario,universitario
1266,atrocis,1,atrofia,"atrofia, trocir, aproxis"
1267,ni√±as,1,ni√±a,ni√±a
1268,quiere,2,quier,"quier, quiete"
1269,maquillaje,1,,
1270,remedios,25,remedio,remedio
1271,avisaron,1,avisar,"avisador, avisar, avisado"
1272,record√°rmelo,1,,
1273,elegirnos,2,elegiano,elegiano
1274,escribo,2,escrito,"escri√±o, estribo, escriba, escrito"
1275,llegar√°,1,llegar,llegar
1276,resetara,1,respetar,"restar, rese√±ar, pesetera, restada, respetar, recetar, resegar, resecar"
1277,recientes,1,reciente,reciente
1278,tendr√≠a,3,tener√≠a,tener√≠a
1279,hago,53,pago,"sago, hato, hamo, halo, hao, gago, lago, mago, pago, bago, higo, havo, hayo, hado, vago"
1280,saberlo,1,saber,"baberol, salero, saboreo, saber, sabela, cabello, sabeo, babero, sabejo, haber√≠o, cabero"
1281,interes,1,inter√©s,"inter√©s, interese"
1282,indico,1,indio,"indio, indino, √≠ndico, indicio"
1283,analice,1,,
1284,td,1,te,"ti, te, tu, t√∫, t√©, ad, ta, to"
1285,resfrios,1,resfr√≠o,"resfriar, resfr√≠o"
1286,v√≠,1,s√≠,"ve, h√≠, v√≠a, m√≠, d√≠, s√≠"
1287,controlado,2,contornado,contornado
1288,necesitndo,1,necesitado,necesitado
1289,estebias,1,esteba,"estibia, esteba, estebar"
1290,den,4,de,"ben, de, de√°n, don, dey, din, ren, len, en, des, nen, deo, sen, gen, del, ten, dea, yen"
1291,dietetico,1,diet√©tico,diet√©tico
1292,chinba,1,china,"chinga, chimba, chinda, china"
1293,programarme,1,,
1294,dejanos,2,dejado,"degano, decano, lejano, tejano, dejado, dejador"
1295,enfermeda,1,enfermedad,"enfermedad, enfermera"
1296,mitiendanube,1,,
1297,pas√≥,2,pasa,"pase, pos√≥, pasa, paso"
1298,agarra,2,agarrar,"agarro, agarrar, garra, amarra"
1299,retirarlos,2,,
1300,alimentacion,1,alimentaci√≥n,alimentaci√≥n
1301,glucemix,1,glucemia,glucemia
1302,sanaci√≥n,1,sanci√≥n,sanci√≥n
1303,mendoza,1,mendosa,mendosa
1304,algunas,1,alguna,alguna
1305,comenzaremos,1,,
1306,pedirle,1,pedir,pedir
1307,come,1,como,"home, coma, cope, cole, comer, coce, tome, nome, como, com, coime"
1308,ire,1,ir,"ere, ira, ir, re, pre, aire, √±ire"
1309,alcansa,1,alcana,alcana
1310,grasia,14,gracia,"grasa, gracia"
1311,micro,2,mico,"mico, micra, micho"
1312,pericura,1,pedicura,pedicura
1313,ecodople,1,,
1314,alfonso,1,alonso,"alonso, alfons√≠"
1315,h,1,a,"h√≠, hu, hi, eh, a, oh, ha, e, ah, u, he, y, o"
1316,solucionen,3,solucionar,solucionar
1317,haacerme,1,,
1318,pertenesco,1,,
1319,bandemecun,1,,
1320,brasos,1,brazo,"brios, brasil, basis, bravoso, baso, braco, grasosa, brazo, bravosa, craso, bramo, graso, bravo, grasor, brasar, grasoso, brasca, brasa, bajos, frasis, raso, bruzos"
1321,dapaglifozina,1,,
1322,controlar,8,contralar,contralar
1323,jujuy,15,cucuy,"jujeo, cucuy"
1324,dedico,2,medio,"desdicho, m√©dico, seico, b√∫dico, delicto, de√≠fico, dioico, s√≥dico, redicho, delio, d√≥rico, darico, dedil, dedicar, dedeo, d√≠dimo, besico, cedicio, edicto, derivo, p√∫dico, √≠ndico, pedido, delicio, desi√±o, perico, dedillo, medio, s√°dico, tedio, pedicoj, delito, dedo, d√°nico, cedizo, devino, debido, m√≥dico"
1325,centros,1,centro,"centro, centris"
1326,pagina,1,p√°gina,"paginar, p√°gina, pagana, vagina"
1327,acer,7,hacer,"acera, jacer, hacer, afer, nacer, acre, caer, yacer, ayer, acero, pacer, facer"
1328,us√≥,1,uso,uso
1329,demas,2,dem√°s,"demias, dem√°s"
1330,conosco,3,connosco,"connosco, conusco"
1331,pone,2,poner,"poner, pope, pane, pote, pene"
1332,cantoni,4,canto,"cantonal, canto, cant√≥n, mantona, cantonar, santona, cantor, cantoso, cantora, canon, cantosa, cantoneo, cancona, cantina"
1333,makihuan,1,,
1334,ban,1,tan,"ben, pan, kan, an, man, tan, bao, bar, bon, can, san, bah"
1335,hicieron,8,hibierno,hibierno
1336,enviaron,1,enviar,"enviar, enviado"
1337,estoy,171,esto,"esto, estol, estay, estos"
1338,duran,1,dura,"dura, durar"
1339,ibuprofeno,1,,
1340,naci√≥,1,naci√≥n,naci√≥n
1341,tenemos,3,tenedor,"tenesmo, tenedor"
1342,contraten,1,contrato,"contraste, contratar, contratela, contraer, contrato, contrata, contrarea"
1343,guia,2,gu√≠a,"guja, gubia, gura, guiar, gua, guisa, guifa, gu√≠a, guita, gula, guija, quia"
1344,controlando,2,contrabando,contrabando
1345,g,5,a,"ge, a, e, u, y, o"
1346,anoto,1,noto,"anito, onoto, noto, aneto"
1347,viy,1,vil,"vil, vid, vis"
1348,conozcas,1,,
1349,tenga,6,tenia,"tonga, tena, tenia, tenua, tenca, renga, tanga, tensa, menga"
1350,bendiga,7,bendita,"bendita, mendiga"
1351,siguieron,1,,
1352,veces,10,veras,"veer, deceso, recel, vice, ceres, creces, velis, veras, seceso, vejez, vecera, ceceo, buces, mecer, receso, venus, sece, vecero, vencer, preces, pece"
1353,day,2,dar,"doy, dey, cay, lay, ay, dar"
1354,preocuparse,2,preocupar,preocupar
1355,luny,2,luna,luna
1356,hubiese,1,nubiense,nubiense
1357,toy,1,hoy,"doy, coy, tos, boy, ton, top, hoy, toa, to"
1358,fegologo,1,,
1359,ehh,1,eh,eh
1360,alcanza,5,alcanzar,"alianza, alcana, alcanzar"
1361,hagan,3,haya,"mag√≠n, pagana, jaga, paga, habana, zagal, har√©n, daga, sagaz, hayal, har√≥n, higa, lagar, hab√≥n, hala, hadar, hada, haba, gaga, havar, pagano, haya, vag√≥n, hal√≥n, magna, hac√°n, hasan√≠, cag√≥n, maga, magar, bagar, saga, hogar, sapan, pagar, haza, vagar, halar, dag√≥n, baga, cagar, zaga, vaga, haca, hazana, habar, habano"
1362,lu,2,la,"su, √±u, luz, la, bu, mu, tu, cu, le, pu, lo, u, fu, hu"
1363,necesito,29,necesitar,"necesitado, necesitar"
1364,operan,1,operar,operar
1365,productos,4,producto,"producto, productor"
1366,zbwkwl,14,,
1367,hab√≠a,2,habla,"habla, haba"
1368,toman,1,tomar,"tom√≠n, toma, tomar, tom√≥n"
1369,voi,2,voz,"voz, vos"
1370,visit√©,1,visita,visita
1371,intentarlo,1,intentar,"inventario, intentar"
1372,analises,1,an√°lisis,"analista, an√°lisis"
1373,sali,2,salir,"salia, sala, sal, salio, cali, ali, salir, pali"
1374,monton,1,mont√≥n,"mont√≥n, monto"
1375,l√°stimado,1,l√°stima,"lastimador, l√°stima, estimado"
1376,concentimientp,1,consentimiento,consentimiento
1377,diabetis,3,diabetes,diabetes
1378,√©so,1,eso,"eso, oso, uso, so"
1379,sentirme,1,sentir,"sentir, sentible"
1380,inchan,1,ancha,"finchar, inca, cinch√≥n, chan, anchar, incl√≠n, linchar, pinch√≥n, cincha, ancha, pinchar, vincha, cinchar, hincha, hinchar, pincha, ichal, incoar"
1381,asecto,1,aspecto,"asecho, aspecto, afecto, aserto"
1382,nutrisionista,2,,
1383,alimentos,2,alimento,"alimentosa, alimentoso, alimento"
1384,autodromo,1,,
1385,ches,1,che,"cheso, chesa, che, chus, chis"
1386,nicolao,1,nigola,"picola, nigola"
1387,llamo,6,llama,"√°lamo, llama, clamo, llano"
1388,ƒèecime,1,,
1389,disculpe,7,disculpa,disculpa
1390,msj,20,es,"mio, mal, as, boj, m√≠o, oso, psi, m√≠a, eso, musa, my, mojo, moje, misa, su, esa, moj√≠, mu, mur, man, si, muy, m√≠, mese, as√°, majo, mus, mol, mil, es, mea, ese, mas, masa, osa, mar, mes, os, maj√°, mis, m√°s, dij, moa, aj, as√≠, se, miz, maja, me, asa, muz, so, uso, mor, mi, mu√©, mesa, mijo, s√≠"
1391,saludables,5,saludable,saludable
1392,salud√≥,2,salud,"salud, saludo"
1393,especialistas,1,especialista,especialista
1394,s√≠ntomas,3,s√≠ntoma,s√≠ntoma
1395,escribirme,1,escribir,escribir
1396,tiras,8,tras,"tira, tras, tirar"
1397,encantar√≠a,5,encantada,"encantada, encantarar, encantar"
1398,diab√©tis,1,diabetes,"diab√©tico, diabetes, diab√©tica, dabitis"
1399,ustds,1,usted,"uste, estas, usted, estos, sut√°s, usado, usada"
1400,hracias,1,tracias,tracias
1401,quiso,1,queso,"quilo, quipo, quimo, quisco, guiso, quijo, quisa, quito, queso, quino, quisto"
1402,perdon,10,perd√≥n,perd√≥n
1403,podr√°n,3,podre,"podre, padr√≥n, aldr√°n, porr√≥n, pod√≥n, podrir, cor√°n, jord√°n"
1404,sisi,9,sisa,sisa
1405,uiero,1,fiero,"uvero, fiero, u√±ero, hiero, umero"
1406,recibirlo,30,recibir,recibir
1407,sanarme,1,sangre,"sanar, manare, adarme, sanable, sangre"
1408,llendo,1,lleno,lleno
1409,necesitaba,1,necesitada,necesitada
1410,asisto,1,visto,"pasito, aposto, asuso, arista, gasista, atiesto, apasto, adicto, asto, visto, listo, agosto, sito, asirio, aoristo, anito, siseo, sismo, asiento, sistro, adusto, asalto, asiano, asunto, aviso, misto, asilo, apito, asiduo, amito, astuto, quisto, aserto, asisia, pisto, abasto, atisbo, susto, aliso, abiso, abismo, asistir, cristo, asbesto, arisco, asueto"
1411,avon,1,aron,"avo, aron, avol"
1412,cu√°l,9,cual,cual
1413,quisieron,4,,
1414,deseos,2,deseo,"deseoso, deseosa, deseo"
1415,chicas,1,chica,chica
1416,igshid,15,,
1417,disculp√°,1,disculpa,disculpa
1418,demaciado,1,demasiado,"demacrado, demasiado"
1419,leido,2,le√≠do,"le√≠do, laido, leudo, lerdo, ledo"
1420,estamos,23,estados,estados
1421,protege,1,proteger,proteger
1422,vine,4,vino,"vide, sine, vice, vino, cine"
1423,l√°,1,la,"la, le, √°l, lo, al√°"
1424,ayudarte,40,ayudante,ayudante
1425,faltaron,1,faltar,"saltar√©n, faltar, saltar√≠n"
1426,octubrw,1,octubre,octubre
1427,mibextid,14,,
1428,comense,1,forense,"comento, comiente, forense, focense, remense, comensal"
1429,inchadas,1,hinchada,"finchada, hinchada"
1430,realizaron,1,realizar,realizar
1431,llen√≥,1,lleno,"lleno, llena"
1432,alla,1,ella,"calla, ella, alea, all√≠, aloa, alfa, ala, falla, alba, alga, aula, alma, malla, al√∫a, alta, valla, alna, galla, talla, olla, all√°, dalla, alza"
1433,deseas,3,desear,desear
1434,√≥key,1,rey,"ley, dey, bey, grey, √≥leo, buey, √≥seo, √≥sea, abey, rey, frey"
1435,lune,1,luna,"lene, luna, lunel, lunes"
1436,mande,2,mando,"lande, cande, mando, manda, mand√≠"
1437,ido,3,do,"fido, indo, ida, idos, ideo, nido, do"
1438,estube,1,este,"esteba, estiba, estuco, estipe, estuque, estuche, estufa, este, estable"
1439,previene,2,,
1440,all,1,al,"all√≠, all√°, al, al√°, ala, ali"
1441,neuropat√≠a,2,neur√≥pata,neur√≥pata
1442,declararon,1,declarar,"declarador, declarar, declarado"
1443,fallecio,2,fallecido,fallecido
1444,covic,1,novia,"c√≠vico, coxis, copia, co√±ac, novio, cobil, c√≠vica, civil, cofia, cavia, cori, novia, cric, ovil, coria, ovia, ovio"
1445,digo,2,digno,"digno, figo, dino, dito, diego, divo, higo, dogo"
1446,pedi,2,pedir,"peri, pedir, pedo"
1447,prometo,1,pronto,"romero, profeso, provento, prometer, prieto, provecto, proteo, promesa, promotor, proto, profeta, pomelo, proferto, proyecto, probeta, prometido, procero, primero, promedio, rojeto, primevo, proemio, plomero, protesto, proceso, romeo, pronto"
1448,pasti√±las,1,pastilla,pastilla
1449,daban,3,dama,"dada, dala, habana, gab√°n, jab√≥n, datar, cabal, daga, nabal, jaba, dable, naba, abab, tab√≥n, hab√≥n, haba, da√±ar, gab√≥n, daza, dama, abano, abad, yaba, sapan, raba, rabal, rab√≥n, abaz, daca, dag√≥n, dajao, draba, nabar, taba, habar, data, duba, tabal, habano, nabab, sabana"
1450,medirse,1,medir,"medir, musirse"
1451,vas,2,las,"vaso, ovas, vis, gas, as, ras, vasa, val, cas, vals, zas, las, mas, fas, vos, evas, tas"
1452,corren,1,correr,"correo, correa, correr, corre√≥n"
1453,serian,2,seria,"seriar, seria"
1454,necesite,1,necesitar,necesitar
1455,as√©,3,as√≠,"as, as√≠, ah√©, af√©, as√°, asa"
1456,colme,1,colmo,"cole, colmo, coime, colpe"
1457,catamarca,3,,
1458,muchisimo,1,,
1459,diabetologo,8,,
1460,ten√≠a,7,tenia,"tena, tenia, tenua, tenca, te√≠na, tensa, ten√≠u"
1461,sigue,7,sigua,sigua
1462,mareada,2,marejada,"marejada, pareada, careada"
1463,gustar√≠a,15,gustar,"gustar, guitarra"
1464,atienda,1,agenda,"hienda, alienada, rienda, atendar, albenda, atenta, avienta, tienta, hacienda, atuendo, atenea, facienda, emienda, agenda, aliende"
1465,whatsapp,7,,
1466,receto,1,receta,"recetor, recato, recelo, recebo, recto, recepto, receta, recejo, receso"
1467,are,4,aire,"arce, yare, ere, aje, re, arre, axe, ave, arel, arte, aro, pre, acre, aire, azre, agre, ares, ara"
1468,yendo,2,vendo,"vendo, zendo"
1469,serias,2,seria,"seriar, seria, sergas"
1470,dijeron,1,dinero,"mijero, ditero, dinero"
1471,graciaa,2,gracia,"graciada, gracia"
1472,nst,1,no,"neta, nato, neto, as, nito, psi, nos, non, asta, oso, eso, asto, esto, osta, esa, su, ut, ne, nin, si, no√©, ans√≠, nao, ni, as√°, nota, es, sant, esta, n√≠a, ese, nasa, na, noto, et, osa, nea, os, este, ansa, lest, uste, no, se, as√≠, ny, neo, oste, nen, s√≠, asa, so, uso, naso, wat, rut, post, nata"
1473,senusitis,1,sinusitis,sinusitis
1474,apartaron,1,apartado,"apartador, apartado, apartar"
1475,plaser,1,placer,placer
1476,garai,1,garay,garay
1477,meses,44,mese,mese
1478,trabajando,2,trabajado,trabajado
1479,mand√©,1,mando,"mand√≠, mando, manda"
1480,ver√©,1,ver,"vero, verg√©, vera, ver"
1481,dieron,12,dinero,"ditero, dinero, fiero, diedro, tierno, hiero, diego, duerno, diurno"
1482,necesarios,1,necesario,necesario
1483,cre√≥,1,crea,crea
1484,podr√≠a,7,poes√≠a,"pobra, poes√≠a, porta, poder√≠o, pedrea, porf√≠a, potra, pora, tod√≠a, podrir, podre, poda, poetr√≠a, dr√≠a, goder√≠a, podrida, peor√≠a, podar, porra"
1485,cabot,4,cabo,cabo
1486,abrirme,1,abrir,"arrime, abrir"
1487,conseguirla,1,conseguir,conseguir
1488,dijieron,1,,
1489,pod√©s,1,pop√©s,pop√©s
1490,ho,2,no,"lo, hoy, oh, yo, he, to, o, cho, hao, rho, hi, aho, co, ro, do, h√≠, no, jo, fo, √±o, ha, hoz, so, hu"
1491,resultados,7,resultado,resultado
1492,recibas,1,recibir,"recia, recibo, recitar, cribas, recital, recial, recibir, recabar, recebar"
1493,deabetologa,1,,
1494,tengan,5,tenia,"tentar, mengano, neng√∫n, tent√≥n, t√°ngano, tonga, tang√≥n, tena, tenia, vengar, tengue, renga, tanga, tensa, tang√°n, tenua, tend√≥n, tenaz, tens√≥n, t√°ngana, tensar, mengana, rengar, tenca, menga, tenz√≥n, tendal"
1495,renueva,1,renuevo,renuevo
1496,queridos,1,querido,querido
1497,podido,1,pedido,"podrido, podio, pedido, polido"
1498,podes,4,poder,poder
1499,dievetologo,1,,
1500,corresponde,4,corresponder,corresponder
1501,somos,4,somo,somo
1502,cu√≠darme,1,,
1503,comprarla,2,comprar,"comprar, comprable, comprada, comparsa, comprera"
1504,plaquetas,1,plaqueta,plaqueta
1505,tocaba,1,tocada,"tocaya, tocata, tocada"
1506,xg,1,xi,xi
1507,fabrika,1,fabrida,fabrida
1508,vien,1,bien,"sien, cien, bien"
1509,denucia,1,denuncia,"menucia, denuncia"
1510,k,16,a,"a, e, u, ka, y, o"
1511,aprob√≥,1,aprobar,"aproar, proba, aprobar, probo, arrobo, arroba"
1512,nejamkin,1,,
1513,tenido,1,tejido,"tendido, te√±ido, tejido"
1514,vuelvo,3,vuelto,"vuelo, vuelto, vuelco"
1515,consejos,84,consejo,consejo
1516,marini,1,marina,"marino, marina"
1517,geacias,4,gracia,"reacia, tracias, glacis, glaciar, guacia, gracia, glacial"
1518,x,93,a,"ox, ax, xi, a, e, u, y, o"
1519,repitiendo,1,repitiente,repitiente
1520,villagirre,1,,
1521,rawson,2,raso,raso
1522,impertensa,1,,
1523,nro,3,no,"gro, pro, ero, no, aro, uro, ro, nao, oro, neo"
1524,ell,1,el,"ella, el, ello, elle, ele"
1525,republica,2,rep√∫blica,rep√∫blica
1526,_5,1,de,"as, ir, lo, su, oc, eh, yo, za, ni, o, xi, et, u, uf, do, jo, en, me, t√©, so, s√≠, ji, le, an, ox, te, re, si, mu, a, oh, di, √°l, ta, de, es, tu, ea, ro, ah, ab, no, aj, √±a, ha, ye, y, fu, el, t√∫, ut, ne, bu, be, he, to, fi, la, ge, hi, pi, co, e, ad, bi, pe, h√≠, se, fo, ca, pu, fe, hu, √©l, my, ka, fa, in, m√≠, d√≠, ti, ya, na, un, os, ve, √±u, ax, cu, ny, ay, √±o, ce, al, mi"
1527,adecuados,1,adecuado,adecuado
1528,deje,2,dije,"seje, peje, dese, dejo, eje, deja, ceje, feje, dije, debe, dele"
1529,antecede,1,anteceder,anteceder
1530,siquiero,1,siquiera,"siquiera, siquier"
1531,recubirlos,1,,
1532,comenc√©,1,comento,comento
1533,cans√©,1,cansa,"can√©, cans√≠, cansa, canso"
1534,salitas,1,salida,"s√≥lita, saliva, salina, salia, balitar, saleta, sagital, balita, alias, salida, salitral, salivar, salitre, salival, sagita, saltar"
1535,aplicar√©,1,aplicar,aplicar
1536,dijo,7,hijo,"dujo, dij, fijo, dino, rijo, hijo, dito, divo, dije, mijo, dejo, lijo"
1537,desean,2,desear,desear
1538,numero,31,n√∫mero,"fumero, humero, n√∫mero, umero"
1539,contestando,2,contestano,contestano
1540,resibir,1,recibir,"residir, recibir"
1541,medicion,1,medici√≥n,medici√≥n
1542,tipos,2,tipo,"tipo, tipoy, nipos"
1543,capacitada,1,capacidad,"incapacitada, capachada, capacidad, capacitar"
1544,joder,1,poder,poder
1545,diabetologa,2,,
1546,nwumonologo,1,,
1547,presupuestos,4,presupuesto,presupuesto
1548,calor√≠as,1,calor√≠a,calor√≠a
1549,sube,1,nube,"ube, sebe, sub, nube, subeo, sute"
1550,sigo,3,sino,"sago, signo, figo, sirgo, sino, siglo, silo, sito, higo, siro"
1551,gaseosas,2,gaseosa,gaseosa
1552,encontre,1,encontrar,"encontrar, encante, encontr√≥n, escontra, enconar"
1553,dietas,3,dieta,"dietar, dieta"
1554,digamos,1,dinamo,"dinamo, digamma"
1555,mueres,1,muerto,"querer, muera, muergo, jueves, muerto, muer, merey, mugre, ceres, queresa, muerta, muerte, fueras, quermes, muerdo, mere, muermo"
1556,ejercicios,2,ejercicio,ejercicio
1557,hizo,2,hijo,"hito, hipo, rizo, lizo, hijo, higo, hilo, tizo, mizo"
1558,sintoma,1,s√≠ntoma,s√≠ntoma
1559,mejores,1,mejor,"mejorar, mejor√≠a, mejora, mejor"
1560,padesemos,1,,
1561,analices,5,,
1562,barassi,4,,
1563,nwjioq,14,,
1564,agendado,1,agenda,"afondado, atentado, acendrado, abundado, arrendado, avenado, hacendado, argentado, aventado, abondado, alindado, agestado, agnado, andado, asentado, aduendado, agenda, alentado"
1565,consiganme,1,,
1566,glicosilada,7,,
1567,coincido,1,conocido,"coincidir, conocido, conciso, cencido, condido, concino, cocido"
1568,puedan,1,queda,"quedar, pedal, piedad, queda, rueda"
1569,fisicas,2,fiscal,"f√≠sica, risica, fiscal"
1570,m,12,a,"my, mu, a, e, me, m√≠, mi, u, y, o"
1571,padecemos,1,,
1572,bienvenidos,1,bienvenido,bienvenido
1573,chequeos,1,cheque,"cheque, chiqueo"
1574,descuentos,1,descuento,descuento
1575,datos,1,dato,"dato, catos"
1576,timarmela,1,,
1577,litros,1,litro,litro
1578,jirnacia,1,,
1579,analicis,4,an√°lisis,an√°lisis
1580,digame,1,dagame,dagame
1581,ste,1,se,"uste, te, se, oste, este, sote, sute, sete"
1582,llame,3,llama,"llave, llama"
1583,grasiaz,2,gracia,"graseza, grasa, gracia"
1584,informanda,1,informante,"normanda, informante"
1585,tendr√©,4,tener,"tendera, tendero, cendra, tener, tenor, tendel, tend√≥n, tundra, tender, tendal"
1586,_bienvenidx,1,bienvenida,"bienvenida, bienvenido"
1587,informada,1,informar,"indomada, informal, informidad, reformada, informar, informador, informadora"
1588,fresha,1,fresca,"fresa, fresca"
1589,medicos,1,medio,"medicar, m√©dico, medio, medidor, medin√©s, pedicoj, m√≥dico"
1590,rafael,1,rafal,rafal
1591,cuidarte,1,cuidante,cuidante
1592,reatiba,1,reatina,reatina
1593,changos,4,chingo,"chanco, chongo, changle, chanto, chang√º√≠, chano, changa, clangor, chingo"
1594,made,3,madre,"mate, madre, zade, jade, vade"
1595,dinamika,2,dinamita,"dinamia, dinamita"
1596,qy,1,y,"my, ny, y, ay"
1597,secarme,1,secar,"rearme, carme, secaral, secante, escarpe, desarme, secar"
1598,creia,1,crea,"crema, cresa, creta, crea"
1599,comunicare,1,comunicar,comunicar
1600,l,4,a,"√©l, la, el, a, le, e, al, √°l, lo, u, y, o"
1601,mandan,14,manda,"mand√≥n, mandar, manda"
1602,tom√°atse,1,tomate,tomate
1603,llegue,1,llegar,"llegar, alegre, lingue, legua, llega, tegue, pliegue"
1604,solucio,1,solacio,solacio
1605,resfriada,1,resfriado,resfriado
1606,resetas,1,estas,"roseta, rese√±a, peseta, resta, restar, estas, reseca, rese√±ar, meseta, respetar, recetar, resegar, receta, feseta, resecar"
1607,pertenezco,1,,
1608,chau,1,chal,"chan, chal, chauz, chai, chad, cha"
1609,noo,3,no,"no, nodo, nono, nos, noto, non, no√©, nomo, nao, neo"
1610,ahy,2,ah√≠,"ah√≠, aho, ah√©, ay, ah"
1611,necesit√≥,1,necesitar,necesitar
1612,hinsulina,1,insulina,insulina
1613,equivoque,2,,
1614,pasan,1,pasa,"pasar, pasa"
1615,se√±ores,1,se√±or,"se√±oril, se√±ora, se√±orear, se√±or√≠o, se√±or√≠a, se√±or, se√±or√≥n"
1616,viendo,2,viento,"viento, vendo"
1617,degradan,1,degradar,degradar
1618,yoga,1,soga,"boga, yola, yogar, soga, toga, doga"
1619,ser√≠an,1,seria,"serena, serbal, serrar, serano, serrana, serrano, ser√≥n, oser√≠a, serm√≥n, serr√≥n, serpa, serna, sera, seraf√≠n, sergas, seriar, serba, servar, serr√≠n, er√≠a, seria, serta"
1620,prob,1,proa,"pro, rob, proa, proba, probo"
1621,enferme,1,enfermo,"enfermo, enferma"
1622,aseptaba,1,asentada,asentada
1623,env√≠e,1,env√≠o,env√≠o
1624,podr√≠an,5,,
1625,afiliada,2,aliada,"afuciada, efigiada, afelpada, afiliar, apilada, afollada, afincada, atildada, afirmada, filada, afijada, ciliada, anillada, ahilada, asilada, aliada"
1626,ma√±anas,1,ma√±ana,ma√±ana
1627,baj,1,bajo,"baj√°, aj, boj, bao, bar, bajo, baja, bah"
1628,jodasas,1,,
1629,holaa,8,hola,hola
1630,informarme,6,informar,"informante, informar"
1631,van,10,tan,"pan, kan, an, vano, val, man, tan, can, vana, san"
1632,conseguido,1,conseguir,"consentido, conseguir"
1633,realizandome,1,,
1634,estabilizada,1,estabilidad,"estabilizar, estabilizadora, estabilizador, estabilidad"
1635,lastimado,2,lastimador,lastimador
1636,movilidades,1,movilidad,movilidad
1637,medimos,1,medio,"medidor, medin√©s, medio"
1638,diabetico,4,diab√©tico,diab√©tico
1639,lic,1,tic,"lis, sic, tic, lid"
1640,pq,1,pe,"pu, pe, pi"
1641,ape,1,ave,"aje, apeo, ave, axe, zape, rape, apea, pe"
1642,imagino,1,imagen,"imaginar, magno, malino, marino, imagen, imaginero, matino"
1643,ciempre,2,siempre,siempre
1644,fechas,1,fecha,"fechar, fecha"
1645,manantiales,1,manantial,manantial
1646,atender√°,1,atender,atender
1647,quiroga,3,guiropa,"guiropa, quilosa, quiragra"
1648,diabetolago,1,,
1649,dr,10,de,"ir, d√≠, di, dar, do, de"
1650,resecos,1,reseco,reseco
1651,soy,58,son,"sol, doy, coy, boy, son, so, hoy, sor, sos"
1652,dbi,1,di,"bi, di"
1653,biscocho,1,bizcocho,bizcocho
1654,trae,1,tras,"trabe, trape, traje, tras, traer, trace"
1655,afiliados,1,afilador,afilador
1656,comiendo,2,comienzo,"comienda, comienzo"
1657,pedir√©,1,pedir,pedir
1658,accucek,1,,
1659,tiene,21,tizne,tizne
1660,u√±as,1,u√±a,"u√±a, a√±as"
1661,nesesito,1,,
1662,reziviflo,1,,
1663,atender√°n,1,atender,atender
1664,atendio,2,atender,"tendido, avenido, ateneo, atento, atendar, asensio, asedio, asencio, atuendo, tedio, atender"
1665,conocimientos,1,conocimiento,conocimiento
1666,profecional,2,profesional,profesional
1667,organizo,1,organizar,"granizo, organillo, org√°nico, organizar, organismo, organero, organizado"
1668,a√∫n,3,aun,"aun, an, at√∫n"
1669,stoy,1,esto,"sol, estos, sayo, asto, hoy, top, seor, sato, esto, sito, suyo, coy, sor, to, doy, tos, estol, soto, seo, son, ton, sota, estay, sote, seto, toa, otor, atol, boy, sotol, sao, so, oto, sos"
1670,porq,4,por,"por, pora, poro"
1671,ilumine,1,iluminar,iluminar
1672,audio,2,audito,"ludio, gaudio, pudio, audito"
1673,han,2,ha,"pan, kan, an, chan, hao, man, tan, haz, can, ha, hin, hae, san"
1674,coas,1,cosa,"cas, cras, coras, caos, cosa, coa"
1675,asermelo,1,aceruelo,aceruelo
1676,todos,52,todo,todo
1677,dedos,1,dedo,dedo
1678,asiendo,4,asiento,asiento
1679,romperla,1,romper,"romer√≠a, roper√≠a, romera, romeral, romper, trompera, ropera, rompeolas"
1680,suba,1,suya,"suma, sula, sura, juba, soba, cuba, tuba, suya, sub, duba, buba"
1681,mii,1,mi,"mio, mil, miz, mili, mi, mis"
1682,selin,1,sin,"seltz, seis, sesi√≥n, serio, telina, feliz, melino, velis, helio, fel√≥n, serie, selva, sel, sello, felino, sin, cel√°n, sien, ser√≥n, delio, felina, semen, seg√ºn, clin, salina, jeliz, celia, senil, sec√≥n, sec√©n, meli√≥n, tel√≥n, sol√©n, solio, sal√≥n, mel√≥n, pel√≥n, semis, salir, salino, belio, melis, salia, ses√©n, bel√©n, sepia, salio, vel√≥n, seria, delia, sen, sal√≠n, melina, semi"
1683,subian,1,subir,"gubia, sucia, tubiano, subir, subida, zubia, subido, pubiano, rubial, supina, sian, sabia, asubiar, sobina, sabina, lubina, rubia, tubiana, pubiana, rubi√≥n"
1684,poniendo,1,poniente,poniente
1685,diabetilogo,2,,
1686,sentro,1,dentro,"dentro, centro, entro"
1687,atienden,5,atender,"atender, aliende"
1688,huarpe,1,carpe,"guarte, urape, turpe, herpe, harre, guarne, harpa, hupe, carpe"
1689,ejercios,1,ejercido,"ejercido, ejercida"
1690,muestras,1,nuestras,"vuestras, nuestras, muestra"
1691,algunos,3,alguno,alguno
1692,puedo,74,quedo,"quedo, pedo, puado, ruedo"
1693,muchas,435,mucha,mucha
1694,comunico,3,comunicado,"comunero, nom√≥nico, rom√°nico, comunismo, dominico, comunicar, comuni√≥n, com√©dico, cor√°nico, cum√≠nico, dom√≠nico, comunicado"
1695,gs,1,es,"gas, es, as, ge, gis, os"
1696,revisaron,2,revisar,revisar
1697,escrib√≠r,1,escribir,escribir
1698,hipotiroidismo,1,,
1699,somarit,1,sumario,"somalia, samarita, sumaria, sumario, somarro"
1700,vi,2,mi,"ji, ve, fi, ti, vil, si, xi, hi, pi, di, mi, ni, bi, vid, vis"
1701,hacerle,1,hacer,"hacera, hacer, hacerir"
1702,azucaradas,1,azucarada,azucarada
1703,aver,1,ver,"ver, ave, afer, ayer"
1704,queero,1,quesero,"quetro, quesero"
1705,kilos,7,kilo,"vilos, kilo"
1706,pido,6,piso,"pifo, pipo, podo, pito, nido, fido, pino, pi√±o, piso, pilo, pedo, pico"
1707,lastiman,1,lastimar,lastimar
1708,qque,1,que,"oque, que"
1709,hacernos,1,,
1710,cul,1,cual,"cuz, cu, col, culi, cual, ful, culo, tul, cal, cuy"
1711,agradece,1,agradecer,agradecer
1712,instagram,30,instaurar,instaurar
1713,michas,1,micha,micha
1714,revisan,1,revisar,revisar
1715,expliquenme,1,,
1716,actividades,5,actividad,actividad
1717,marcado,1,mercado,"marcador, mercado"
1718,deriv√≥,1,deriva,"derivo, deriva"
1719,da,5,de,"d√≠a, ka, dar, fa, oda, a, d√≠, za, di, ta, dea, de, ya, la, na, ida, ea, ad, do, √±a, ha, ca, d√∫a"
1720,isieron,1,isidro,"ivierno, isidro"
1721,grasias,64,gratis,"tracias, grasosa, frasis, gracia, grasa, gratis"
1722,llevar√©,1,llevar,llevar
1723,clinico,2,cl√≠nico,cl√≠nico
1724,perfumeria,2,perfumer√≠a,"perfumera, perfumer√≠a"
1725,podologo,2,,
1726,turnos,20,turno,turno
1727,kg,2,ka,ka
1728,curarme,1,curare,curare
1729,estar√≠a,2,estad√≠a,"estr√≠a, estad√≠a, estarna"
1730,analisis,10,an√°lisis,an√°lisis
1731,estaban,1,estab√≥n,estab√≥n
1732,enfermedades,1,enfermedad,enfermedad
1733,abuenicimo,1,,
1734,pies,23,pues,"mies, piel, pues, pie"
1735,visitando,1,visitante,"visitante, vigitano, visitador, vitando"
1736,masajes,1,masaje,masaje
1737,grcias,1,gracia,"gris, tracias, grecia, grisa, gracia, grial"
1738,sms,1,sus,"sus, sos, ses"
1739,flores,2,floreo,floreo
1740,cuentas,1,cuenta,"cuestas, cuenta"
1741,hayas,2,haya,"hayal, haya"
1742,tes,3,es,"res, tus, es, tos, te, tez, tres, bes, des, tesa, tea, teso, mes, ses, ten, les, tas"
1743,tienes,6,tener,"tientos, tizne, viernes, tenis, tioneo, tienta, tiento, tener, nieves, vien√©s, triones, vienesa"
1744,nesecito,9,nietecito,"vejecito, nietecito, osecito, nescio"
1745,resivirlos,2,,
1746,realizo,2,realito,realito
1747,presio,1,precio,"premio, prasio, precio, previo, presto, predio, preso"
1748,kiere,1,libre,"lieve, litre, ere, hiebre, √°cere, cierre, √±ire, fiera, hiera, kirie, piure, liebre, hierre, libre, hiero, vitre, pigre, tigre, fiebre, nieve, mere, frere, fiero, cierne, miera, aire, sierpe"
1749,bici,2,bien,"tic, kili, pica, cica, vice, buco, fiyi, pichi, bibir, bicos, √≠bice, bis, boca, bita, bizco, vico, bid√©, biza, sic, √≥bice, mica, rica, fice, bina, biga, licio, baca, bical, bizca, mili, bicho, bien, bi, vicia, bocio, rico, mico, bilis, beca, licia, picio, bija, ricio, vicio, biso, cibi, bicha, pico"
1750,informen,2,informe,informe
1751,miren,1,mir√≥n,mir√≥n
1752,encantaria,2,encantada,"encantorio, encantada, encantarar, encantar"
1753,mui,1,mi,"mus, tui, muir, mu, mur, muy, muz, mu√©, mi, qui"
1754,motivacion,1,motivaci√≥n,motivaci√≥n
1755,noe,1,no,"ne, no, nos, nome, non, no√©, boe, neo"
1756,saver,1,saber,saber
1757,valores,6,valor,"valor√≠a, valorear, valorar, aloes, acores, valor"
1758,c,7,a,"oc, cu, a, ce, e, co, ca, u, y, o"
1759,sufrimos,1,sufrido,"sufrido, sufridor"
1760,invitamos,14,invitado,"invitador, invitado"
1761,qlos,1,los,los
1762,ssi,1,si,"psi, si, sri"
1763,dl,1,de,"√©l, el, d√≠, √°l, di, del, al, d√©l, do, de"
1764,chequeo,1,cheque,"cheque, chiqueo"
1765,responder√©,5,responder,responder
1766,niveles,2,nivel,"nivelar, nivel, nieves, cibeles"
1767,peke,1,pene,"peje, pene, pepe, pece"
